b77_idx,b77_label,text_en,label_inicial,sospechosa,label_sugerida,motivo,label_final
45,card_arrival,I'm still waiting for my new card.,fuera_de_alcance,no,,,fuera_de_alcance
76,card_arrival,My card hasn't shown up yet.,fuera_de_alcance,no,,,fuera_de_alcance
113,card_arrival,I'm still waiting for my card that was issued a week ago. What should I do?,fuera_de_alcance,no,,,fuera_de_alcance
137,card_arrival,I was issued a new card a week ago but still haven't received it. How long will it be until I receive it?,fuera_de_alcance,no,,,fuera_de_alcance
144,card_arrival,Is a tracking number available for the card that was just sent?,fuera_de_alcance,no,,,fuera_de_alcance
169,card_linking,If I have a physical card can I link it?,fuera_de_alcance,no,,,fuera_de_alcance
218,card_linking,How do I add a card on to the app?,fuera_de_alcance,no,,,fuera_de_alcance
229,card_linking,How can I link the new card?,fuera_de_alcance,no,,,fuera_de_alcance
231,card_linking,"Hey, I have my card, how do I get it to show in the app?",fuera_de_alcance,no,,,fuera_de_alcance
267,card_linking,"I thought I lost my card but I found it today, so I would like to reactivate it.",fuera_de_alcance,no,,,fuera_de_alcance
360,exchange_rate,What factors effect the exchange rate?,fuera_de_alcance,no,,,fuera_de_alcance
374,exchange_rate,Is the exchange rate current?,fuera_de_alcance,no,,,fuera_de_alcance
388,exchange_rate,what are your exchange rates at?,fuera_de_alcance,no,,,fuera_de_alcance
409,card_payment_wrong_exchange_rate,I think something went wrong with my exchange between Russian Ruble and UK pounds. I was overcharged during the swap.,cobro_incorrecto,no,,,cobro_incorrecto
413,card_payment_wrong_exchange_rate,I was charged the wing amount for an item.,cobro_incorrecto,no,,,cobro_incorrecto
416,card_payment_wrong_exchange_rate,An incorrect exchange rate was applied to an item I bought.,cobro_incorrecto,no,,,cobro_incorrecto
419,card_payment_wrong_exchange_rate,"I just saw the exchange rate you use, but it's so bad that I can't believe that it's the official interbank exchange rate! Is this truly the official interbank exchange rate?",cobro_incorrecto,no,,,cobro_incorrecto
420,card_payment_wrong_exchange_rate,This exchange rate you use is awful! Please tell me this is a mistake and not the official interbank exchange rate!,cobro_incorrecto,no,,,cobro_incorrecto
422,card_payment_wrong_exchange_rate,The amount of exchange was not correct for the item i bought.,cobro_incorrecto,no,,,cobro_incorrecto
423,card_payment_wrong_exchange_rate,The exchange rate from my card payment isn't right.,cobro_incorrecto,no,,,cobro_incorrecto
428,card_payment_wrong_exchange_rate,The exchange rate was incorrect for this item I bought.,cobro_incorrecto,no,,,cobro_incorrecto
429,card_payment_wrong_exchange_rate,I purchased something overseas and the incorrect exchange rate was applied.,cobro_incorrecto,no,,,cobro_incorrecto
430,card_payment_wrong_exchange_rate,The exchange rate is incorrect for my payment.,cobro_incorrecto,no,,,cobro_incorrecto
432,card_payment_wrong_exchange_rate,I'm on holiday and I noticed a different amount for exchange rate.  Can you explain?,cobro_incorrecto,no,,,cobro_incorrecto
433,card_payment_wrong_exchange_rate,I bought something in another country but the exchange rate is wrong,cobro_incorrecto,no,,,cobro_incorrecto
434,card_payment_wrong_exchange_rate,I bought an item and the exchange rate was wrong.,cobro_incorrecto,no,,,cobro_incorrecto
435,card_payment_wrong_exchange_rate,Exchange rate for my card payment is wrong,cobro_incorrecto,no,,,cobro_incorrecto
439,card_payment_wrong_exchange_rate,What if there is an error on the exchange rate?,cobro_incorrecto,no,,,cobro_incorrecto
442,card_payment_wrong_exchange_rate,I used foreign currency to buy something and I think the rate applied is incorrect.,cobro_incorrecto,no,,,cobro_incorrecto
445,card_payment_wrong_exchange_rate,The exchange rate looks wrong on a holiday purchase,cobro_incorrecto,no,,,cobro_incorrecto
446,card_payment_wrong_exchange_rate,"I purchased something abroad, and the exchange rate that was applied was wrong.",cobro_incorrecto,no,,,cobro_incorrecto
449,card_payment_wrong_exchange_rate,You did not give me the correct exchange rate for an item that I bought.,cobro_incorrecto,no,,,cobro_incorrecto
455,card_payment_wrong_exchange_rate,I question today's exchange rate for rubles into pounds. I was hoping for a better return.,cobro_incorrecto,no,,,cobro_incorrecto
459,card_payment_wrong_exchange_rate,I purchased something abroad and the incorrect exchange rate was applied.,cobro_incorrecto,no,,,cobro_incorrecto
460,card_payment_wrong_exchange_rate,Your exchange rate was off.  I was charged extra on my payment that I made last Saturday.,cobro_incorrecto,no,,,cobro_incorrecto
464,card_payment_wrong_exchange_rate,I noticed the currency exchange rate was incorrect after paying for something in a foreign country.,cobro_incorrecto,no,,,cobro_incorrecto
469,card_payment_wrong_exchange_rate,Why is the exchange rate different on my recent purchase?,cobro_incorrecto,no,,,cobro_incorrecto
470,card_payment_wrong_exchange_rate,The fee charged when I changed rubles into British pounds was too much.,cobro_incorrecto,no,,,cobro_incorrecto
471,card_payment_wrong_exchange_rate,I wasn't charged the correct exchange rate for an item I purchased.,cobro_incorrecto,no,,,cobro_incorrecto
472,card_payment_wrong_exchange_rate,Does the fee for exchange change?,cobro_incorrecto,sí,fuera_de_alcance,"aclaración comisiones: pregunta cómo funciona o por qué existe, sin decir que está mal",fuera_de_alcance
473,card_payment_wrong_exchange_rate,The rate applied to my purchase in a foreign currency was wrong.,cobro_incorrecto,no,,,cobro_incorrecto
477,card_payment_wrong_exchange_rate,It seems that something went wrong with my exchange. I changed Russian Ruble into UK pounds but have been charged entirely too much!,cobro_incorrecto,no,,,cobro_incorrecto
479,card_payment_wrong_exchange_rate,The exchange rate applied is wrong for my international purchase.,cobro_incorrecto,no,,,cobro_incorrecto
480,card_payment_wrong_exchange_rate,My card payment had the wrong exchange rate,cobro_incorrecto,no,,,cobro_incorrecto
482,card_payment_wrong_exchange_rate,Does the exchange rate change each day for purchases? There is a different rate on my purchase.,cobro_incorrecto,no,,,cobro_incorrecto
483,card_payment_wrong_exchange_rate,It seems that the rate I got is incorrect.,cobro_incorrecto,no,,,cobro_incorrecto
486,card_payment_wrong_exchange_rate,What do i do if the exchange rate was wrong for the item i bought overseas?,cobro_incorrecto,no,,,cobro_incorrecto
488,card_payment_wrong_exchange_rate,I have been overcharged. I just changed over Russian Ruble to UK pounds and it was too much. It seems something was wrong with my exchange.,cobro_incorrecto,no,,,cobro_incorrecto
490,card_payment_wrong_exchange_rate,I think there was an error in your exchange rate.,cobro_incorrecto,no,,,cobro_incorrecto
497,card_payment_wrong_exchange_rate,"The exchange rate given to me after a purchase, was incorrect",cobro_incorrecto,no,,,cobro_incorrecto
499,card_payment_wrong_exchange_rate,I have been charged way to much so something is apparently wrong with my exchange. I changed Russian Ruble into UK pounds.,cobro_incorrecto,no,,,cobro_incorrecto
500,card_payment_wrong_exchange_rate,Why is the exchange rate different from what I expected?,cobro_incorrecto,no,,,cobro_incorrecto
501,card_payment_wrong_exchange_rate,The exchange rate you are using is really bad.This can't be the official interbank exchange rate.,cobro_incorrecto,no,,,cobro_incorrecto
502,card_payment_wrong_exchange_rate,Please check the exchange rate for my payment last Saturday. I believe I have been overcharged.,cobro_incorrecto,no,,,cobro_incorrecto
504,card_payment_wrong_exchange_rate,The wrong exchange rate was used when I purchased an item.,cobro_incorrecto,no,,,cobro_incorrecto
505,card_payment_wrong_exchange_rate,Why was the wrong rate applied when I bought something in a different currency?,cobro_incorrecto,no,,,cobro_incorrecto
508,card_payment_wrong_exchange_rate,I think the rate that was applied to my purchase using foreign currency is wrong. Help!,cobro_incorrecto,no,,,cobro_incorrecto
512,card_payment_wrong_exchange_rate,"The exchange rate you're using is terrible - this can't be the official interbank exchange rate, can it?",cobro_incorrecto,no,,,cobro_incorrecto
513,card_payment_wrong_exchange_rate,I did not receive the correct amount for the exchange rate.,cobro_incorrecto,no,,,cobro_incorrecto
517,card_payment_wrong_exchange_rate,The exchange rate you are using is really bad. This can't possibly be the official interbank exchange rate.,cobro_incorrecto,no,,,cobro_incorrecto
519,card_payment_wrong_exchange_rate,"I changed the currency, but why is it costing more?",cobro_incorrecto,no,,,cobro_incorrecto
521,card_payment_wrong_exchange_rate,"I made an international purchase, but the exchange rate was wrong",cobro_incorrecto,no,,,cobro_incorrecto
524,card_payment_wrong_exchange_rate,I made a purchase and was charged at the wrong foreign exchange rate.,cobro_incorrecto,no,,,cobro_incorrecto
528,card_payment_wrong_exchange_rate,It looks like the exchange rates on my card payment are wrong,cobro_incorrecto,no,,,cobro_incorrecto
529,card_payment_wrong_exchange_rate,There's an error with the rate that is charged.,cobro_incorrecto,no,,,cobro_incorrecto
531,card_payment_wrong_exchange_rate,I think the exchange rate on my card payment is incorrect.,cobro_incorrecto,no,,,cobro_incorrecto
532,card_payment_wrong_exchange_rate,I bought an item that I was charged a different exchange rate for.,cobro_incorrecto,no,,,cobro_incorrecto
536,card_payment_wrong_exchange_rate,I think I was charged extra on my payment on last Saturday.  Maybe the exchange rate was wrong?  I'd like a refund.,cobro_incorrecto,no,,,cobro_incorrecto
539,card_payment_wrong_exchange_rate,I don't think the charges made when I had currency exchanged are right.,cobro_incorrecto,no,,,cobro_incorrecto
542,card_payment_wrong_exchange_rate,"When I bought something abroad, the exchange rate was wrong.",cobro_incorrecto,no,,,cobro_incorrecto
543,card_payment_wrong_exchange_rate,I didn't receive the correct exchange rate for an item that I bought.,cobro_incorrecto,no,,,cobro_incorrecto
545,card_payment_wrong_exchange_rate,I am being charged the wrong amount on my card.,cobro_incorrecto,no,,,cobro_incorrecto
546,card_payment_wrong_exchange_rate,The exchange rate is incorrect on an item I recently purchased in a foreign country.,cobro_incorrecto,no,,,cobro_incorrecto
550,card_payment_wrong_exchange_rate,Why was I charged a higher exchange rate when I bought something abroad?,cobro_incorrecto,no,,,cobro_incorrecto
551,card_payment_wrong_exchange_rate,Why didn't I receive the correct exchange rate for an item that I purchased?,cobro_incorrecto,no,,,cobro_incorrecto
552,card_payment_wrong_exchange_rate,Why is the exchange rate on my card payment different than I expected?,cobro_incorrecto,no,,,cobro_incorrecto
558,card_payment_wrong_exchange_rate,There's an error in regards to the exchange rate for an item I bought.,cobro_incorrecto,no,,,cobro_incorrecto
559,card_payment_wrong_exchange_rate,"Last Saturday, I made a payment and the exchange rate was wrong.  I was charged too much.",cobro_incorrecto,no,,,cobro_incorrecto
562,card_payment_wrong_exchange_rate,Exchange rate on a purchase was incorrect,cobro_incorrecto,no,,,cobro_incorrecto
565,card_payment_wrong_exchange_rate,The exchange rate that was applied for an international purchase was wrong.,cobro_incorrecto,no,,,cobro_incorrecto
568,card_payment_wrong_exchange_rate,"I  have been charged more than I should for the presents I bought  when abroad, the problem seems to be the exchange rate.",cobro_incorrecto,no,,,cobro_incorrecto
570,card_payment_wrong_exchange_rate,Why on earth is the exchange rate so bad?   Can I get a rate closer to the actual interbank rate?,cobro_incorrecto,no,,,cobro_incorrecto
573,extra_charge_on_statement,Why is there a 1 euro fee on my statement?,cobro_incorrecto,no,,,cobro_incorrecto
576,extra_charge_on_statement,What is the $1 transaction on my account?,cobro_incorrecto,sí,cargo_no_reconocido,"regla 4: pregunta qué es un cargo que no identifica, sin decir que está mal",cargo_no_reconocido
580,extra_charge_on_statement,There is a pending 1£ charge on my statement.  I haven't purchased anything for 1£.  Why is it on my statement?,cobro_incorrecto,no,,,cobro_incorrecto
583,extra_charge_on_statement,I have no idea why there is a dollar that has been charged to my account.,cobro_incorrecto,no,,,cobro_incorrecto
586,extra_charge_on_statement,Where did this extra €1 fee on my statement come from?,cobro_incorrecto,sí,fuera_de_alcance,"aclaración comisiones: pregunta cómo funciona o por qué existe, sin decir que está mal",cargo_no_reconocido
587,extra_charge_on_statement,Is there a reason why there is an extra £1 charge on my account?,cobro_incorrecto,sí,cargo_no_reconocido,"regla 4: pregunta qué es un cargo que no identifica, sin decir que está mal",cargo_no_reconocido
589,extra_charge_on_statement,Why has another fee been placed on my statement?,cobro_incorrecto,no,,,cobro_incorrecto
590,extra_charge_on_statement,There has been a charge pending on my account statement that I can't figue out it's for a dollar.,cobro_incorrecto,no,,,cobro_incorrecto
595,extra_charge_on_statement,I had to pay a pound more than I anticipated!,cobro_incorrecto,no,,,cobro_incorrecto
597,extra_charge_on_statement,My statement contained a one pound extra fee,cobro_incorrecto,no,,,cobro_incorrecto
600,extra_charge_on_statement,I see I was charged $1 for a transaction.,cobro_incorrecto,no,,,cobro_incorrecto
601,extra_charge_on_statement,$1 charge in transaction.,cobro_incorrecto,no,,,cobro_incorrecto
602,extra_charge_on_statement,"I just looked at my app and it seems I was charged extra, why is that?",cobro_incorrecto,no,,,cobro_incorrecto
606,extra_charge_on_statement,"I just checked my statement and saw a $1 charge, why is it there?",cobro_incorrecto,no,,,cobro_incorrecto
609,extra_charge_on_statement,I think I may have been charged $1 extra on my app.  Could you provide some insight as to why this may have happened?,cobro_incorrecto,no,,,cobro_incorrecto
613,extra_charge_on_statement,Why was I charged $1 in a transaction?,cobro_incorrecto,no,,,cobro_incorrecto
614,extra_charge_on_statement,why is there a service fee on my statement?,cobro_incorrecto,no,,,cobro_incorrecto
617,extra_charge_on_statement,Why did you charge me extra?,cobro_incorrecto,no,,,cobro_incorrecto
618,extra_charge_on_statement,An extra pound was charged!,cobro_incorrecto,no,,,cobro_incorrecto
623,extra_charge_on_statement,There is an extra small charge on my card! What do I do?,cobro_incorrecto,no,,,cobro_incorrecto
627,extra_charge_on_statement,Why have I been charged an extra £1?,cobro_incorrecto,no,,,cobro_incorrecto
628,extra_charge_on_statement,"In my statement, I got a €1 extra fee.",cobro_incorrecto,no,,,cobro_incorrecto
632,extra_charge_on_statement,I see a charge of 1L I do not recognize on my statement,cobro_incorrecto,sí,cargo_no_reconocido,"regla 4: no reconoce el cargo (""do not recognize"")",cargo_no_reconocido
637,extra_charge_on_statement,Why has my card been charged an extra pound?,cobro_incorrecto,no,,,cobro_incorrecto
638,extra_charge_on_statement,Why does my statement have an extra fee?,cobro_incorrecto,no,,,cobro_incorrecto
639,extra_charge_on_statement,There is a  €1 fee on my account I didn't authorize,cobro_incorrecto,sí,cargo_no_reconocido,"regla 4: no reconoce el cargo (""didn't authorize"")",cargo_no_reconocido
640,extra_charge_on_statement,I was made to pay an additional pound!,cobro_incorrecto,no,,,cobro_incorrecto
641,extra_charge_on_statement,I was charged an extra pound for no reason. Why is that?,cobro_incorrecto,no,,,cobro_incorrecto
645,extra_charge_on_statement,I was charged an extra dollar on my account and would like to know the reason.,cobro_incorrecto,no,,,cobro_incorrecto
647,extra_charge_on_statement,I was overcharged a pound.,cobro_incorrecto,no,,,cobro_incorrecto
648,extra_charge_on_statement,Why do i have an extra fee on my statement?,cobro_incorrecto,no,,,cobro_incorrecto
649,extra_charge_on_statement,What was the $1 charge for on my statement?,cobro_incorrecto,sí,cargo_no_reconocido,"regla 4: pregunta qué es un cargo que no identifica, sin decir que está mal",cargo_no_reconocido
650,extra_charge_on_statement,I had a dollar charged to my account that's still pending and wanted to know what the charge is for?,cobro_incorrecto,no,,,cobro_incorrecto
651,extra_charge_on_statement,I was charged extra or a hidden fee when I purchased something from you. What's the deal? I didn't authorize that charge.,cobro_incorrecto,no,,,cobro_incorrecto
654,extra_charge_on_statement,Do you also have this extra fee on your statement?,cobro_incorrecto,sí,fuera_de_alcance,"aclaración comisiones: pregunta cómo funciona o por qué existe, sin decir que está mal",fuera_de_alcance
656,extra_charge_on_statement,Why was I charged an extra pound?,cobro_incorrecto,no,,,cobro_incorrecto
658,extra_charge_on_statement,A pending charge of 1L appears on my statement.  Please explain as I have not made a purchase for that amount,cobro_incorrecto,no,,,cobro_incorrecto
662,extra_charge_on_statement,"Hello, there seems to be a billing mistake associated with my account.  My app was charged $1 more than it should have.  Could you please explain why this may have happened?",cobro_incorrecto,no,,,cobro_incorrecto
665,extra_charge_on_statement,What is this $1 charge on my account?,cobro_incorrecto,sí,cargo_no_reconocido,"regla 4: pregunta qué es un cargo que no identifica, sin decir que está mal",cargo_no_reconocido
667,extra_charge_on_statement,Why did a transaction I made charge me $1?,cobro_incorrecto,no,,,cobro_incorrecto
668,extra_charge_on_statement,"There seems to be an additional charge of £1 on my statement, what is the reason for this?",cobro_incorrecto,no,,,cobro_incorrecto
669,extra_charge_on_statement,I still have not received an answer as to why I was charged $1.00 in a transaction?,cobro_incorrecto,no,,,cobro_incorrecto
670,extra_charge_on_statement,Why does my statement show an extra fee?,cobro_incorrecto,no,,,cobro_incorrecto
672,extra_charge_on_statement,There is some odd 1£ charge that appears as pending on my statement. What's that about? Pretty sure I haven't purchased anything for a pound there.,cobro_incorrecto,no,,,cobro_incorrecto
673,extra_charge_on_statement,There is a pending payment on my account that is very strange. I don't remember making this and it won't go away. Can you help me figure this out?,cobro_incorrecto,sí,cargo_no_reconocido,"regla 4: no reconoce el cargo (""don't remember"")",cargo_no_reconocido
683,extra_charge_on_statement,How can I find out about an extra fee on my statement?,cobro_incorrecto,sí,fuera_de_alcance,"aclaración comisiones: pregunta cómo funciona o por qué existe, sin decir que está mal",cargo_no_reconocido
684,extra_charge_on_statement,"Hello, I see that I have been charged an extra $1 on my app.  Could you please provide me with a reason for this charge?",cobro_incorrecto,no,,,cobro_incorrecto
686,extra_charge_on_statement,Is there a reason there's an extra fee on my statement?,cobro_incorrecto,sí,fuera_de_alcance,"aclaración comisiones: pregunta cómo funciona o por qué existe, sin decir que está mal",fuera_de_alcance
687,extra_charge_on_statement,What is this extra fee on my statement.,cobro_incorrecto,sí,fuera_de_alcance,"aclaración comisiones: pregunta cómo funciona o por qué existe, sin decir que está mal",cargo_no_reconocido
690,extra_charge_on_statement,Why was I charged an additional $1?,cobro_incorrecto,no,,,cobro_incorrecto
691,extra_charge_on_statement,I checked my statement and am being charged one pound. Where did this charge come from?,cobro_incorrecto,no,,,cobro_incorrecto
692,extra_charge_on_statement,I do not know why I was charged for the $1 transaction.,cobro_incorrecto,sí,cargo_no_reconocido,"regla 4: no reconoce el cargo (""do not know"")",cargo_no_reconocido
694,extra_charge_on_statement,"I'm pretty frustrated about a pound charge that keeps  showing up in my account statement. It's listed in the app as ""pending"", it never changes, and now I'm thinking someone's hacked my account!",cobro_incorrecto,sí,tarjeta_comprometida,"regla 1: menciona robo/pérdida/clonación/varias compras no hechas (""hacked"")",cargo_no_reconocido
696,extra_charge_on_statement,I was charged an extra pound.,cobro_incorrecto,no,,,cobro_incorrecto
699,extra_charge_on_statement,I need to know what these extra charges are on my statement?,cobro_incorrecto,no,,,cobro_incorrecto
700,extra_charge_on_statement,How come there is an extra fee on my statement?,cobro_incorrecto,sí,fuera_de_alcance,"aclaración comisiones: pregunta cómo funciona o por qué existe, sin decir que está mal",fuera_de_alcance
704,extra_charge_on_statement,Why was I charged extra on my app?,cobro_incorrecto,no,,,cobro_incorrecto
707,extra_charge_on_statement,Why i'm I being charged an extra pound,cobro_incorrecto,no,,,cobro_incorrecto
708,extra_charge_on_statement,The $1.00 has still not been reverted as indicated in the previous email.,cobro_incorrecto,no,,,cobro_incorrecto
710,extra_charge_on_statement,"There is an extra $1 charge on my statement, why is that?",cobro_incorrecto,no,,,cobro_incorrecto
711,extra_charge_on_statement,Is the 1 pound charge going to be reimbursed on my card?,cobro_incorrecto,sí,cargo_no_reconocido,"regla 4: pregunta qué es un cargo que no identifica, sin decir que está mal",fuera_de_alcance
712,extra_charge_on_statement,I  see an extra 1£ charge on my app. Why did It charge me extra?,cobro_incorrecto,no,,,cobro_incorrecto
715,extra_charge_on_statement,There is a charge for 1£ on my statement.  I do not think that I bought anything that costed 1£.  What is going on?,cobro_incorrecto,no,,,cobro_incorrecto
716,extra_charge_on_statement,Why does my transaction have an added fee?,cobro_incorrecto,no,,,cobro_incorrecto
718,extra_charge_on_statement,Why is there an additional fee showing on the statement I received?,cobro_incorrecto,no,,,cobro_incorrecto
724,extra_charge_on_statement,My statement is showing an extra £1 charge and I am unsure why. Is there an explanation for this?,cobro_incorrecto,no,,,cobro_incorrecto
725,extra_charge_on_statement,Do I have a $1 extra fee on the statement?,cobro_incorrecto,sí,fuera_de_alcance,"aclaración comisiones: pregunta cómo funciona o por qué existe, sin decir que está mal",fuera_de_alcance
727,extra_charge_on_statement,"I do not understand why there is a pending 1£ charge on my statement, I do not recall making this transaction. Can you please tell me what this is about?",cobro_incorrecto,no,,,cobro_incorrecto
733,extra_charge_on_statement,I've been charged an extra £1 and I don't know why,cobro_incorrecto,sí,cargo_no_reconocido,"regla 4: no reconoce el cargo (""don't know"")",cargo_no_reconocido
736,extra_charge_on_statement,An extra fee of €1 was in my statement,cobro_incorrecto,no,,,cobro_incorrecto
756,pending_cash_withdrawal,There should be a cash withdrawal that I haven't seen yet.,fuera_de_alcance,no,,,fuera_de_alcance
779,pending_cash_withdrawal,I took out some cash from the ATM but it is still showing the transaction is pending.,fuera_de_alcance,no,,,fuera_de_alcance
848,pending_cash_withdrawal,"My cash withdrawal says pending, why?",fuera_de_alcance,no,,,fuera_de_alcance
936,fiat_currency_support,Can you make exchanges with the EUR?,fuera_de_alcance,no,,,fuera_de_alcance
958,fiat_currency_support,What country's money can I hold currency in?,fuera_de_alcance,no,,,fuera_de_alcance
980,fiat_currency_support,are multiple currencies acceptable?,fuera_de_alcance,no,,,fuera_de_alcance
1074,card_delivery_estimate,can you express my card to me?,fuera_de_alcance,no,,,fuera_de_alcance
1088,card_delivery_estimate,How long until the card arrives?,fuera_de_alcance,no,,,fuera_de_alcance
1102,card_delivery_estimate,Please send my card as quickly as possible.,fuera_de_alcance,no,,,fuera_de_alcance
1173,automatic_top_up,How do I get refills to my card when I'm traveling?,fuera_de_alcance,no,,,fuera_de_alcance
1234,automatic_top_up,How do I top-up while traveling?,fuera_de_alcance,no,,,fuera_de_alcance
1263,card_not_working,HOW LONG THE CARD VALIDITY,fuera_de_alcance,no,,,fuera_de_alcance
1322,card_not_working,Today I used my card at a restaurant and it was declined. Why?,fuera_de_alcance,no,,,fuera_de_alcance
1327,card_not_working,Why won't the machine accept my card anymore?,fuera_de_alcance,no,,,fuera_de_alcance
1328,card_not_working,When I was in a restaurant today my card was declined and payment wouldn't go through and I need help. Can you fix this?,fuera_de_alcance,no,,,fuera_de_alcance
1402,exchange_via_app,"I need to exchange my GBP to AUD, how would I do this?",fuera_de_alcance,no,,,fuera_de_alcance
1475,lost_or_stolen_card,Has there been any activity on my card today?,tarjeta_comprometida,no,,,tarjeta_comprometida
1476,lost_or_stolen_card,I lost my wallet and all my cards were in it.,tarjeta_comprometida,no,,,tarjeta_comprometida
1477,lost_or_stolen_card,I'm panicking!  I lost my card!  Help!,tarjeta_comprometida,no,,,tarjeta_comprometida
1478,lost_or_stolen_card,I need to report a stolen card,tarjeta_comprometida,no,,,tarjeta_comprometida
1479,lost_or_stolen_card,How do I replace a stolen card?,tarjeta_comprometida,no,,,tarjeta_comprometida
1480,lost_or_stolen_card,Can you provide information for freezing my card immediately?,tarjeta_comprometida,no,,,tarjeta_comprometida
1481,lost_or_stolen_card,What's the phone number to freeze a card?,tarjeta_comprometida,no,,,tarjeta_comprometida
1482,lost_or_stolen_card,I can't find my card! Can you help?,tarjeta_comprometida,no,,,tarjeta_comprometida
1483,lost_or_stolen_card,"Hi, I am on vacation in Spain and someone stole my bag with my phone and wallet with cards and everything. Can you block it ASAP and then I want to order a new one also ASAP.",tarjeta_comprometida,no,,,tarjeta_comprometida
1484,lost_or_stolen_card,Help! I lost my card!,tarjeta_comprometida,no,,,tarjeta_comprometida
1485,lost_or_stolen_card,My card is missing.  Please help.,tarjeta_comprometida,no,,,tarjeta_comprometida
1486,lost_or_stolen_card,I think that my card has been stolen!,tarjeta_comprometida,no,,,tarjeta_comprometida
1487,lost_or_stolen_card,My card was stolen,tarjeta_comprometida,no,,,tarjeta_comprometida
1488,lost_or_stolen_card,A fee shouldn't apply to me if my card was stolen.,tarjeta_comprometida,no,,,tarjeta_comprometida
1489,lost_or_stolen_card,"My card has been stolen. I reported it with the police, but I need to report it with you as well.",tarjeta_comprometida,no,,,tarjeta_comprometida
1490,lost_or_stolen_card,Can you tell me the status of my new card?,tarjeta_comprometida,no,,,tarjeta_comprometida
1491,lost_or_stolen_card,My card has been stolen what do I do?,tarjeta_comprometida,no,,,tarjeta_comprometida
1492,lost_or_stolen_card,"I can't find my card, it is lost.",tarjeta_comprometida,no,,,tarjeta_comprometida
1493,lost_or_stolen_card,My card is lost!  Please help me!,tarjeta_comprometida,no,,,tarjeta_comprometida
1494,lost_or_stolen_card,I believe that my card has been stolen!,tarjeta_comprometida,no,,,tarjeta_comprometida
1495,lost_or_stolen_card,What should I do if I think my card was stolen?,tarjeta_comprometida,no,,,tarjeta_comprometida
1496,lost_or_stolen_card,Can you send me a new card and block my current one. I'm in Spain and my wallet was stolen.,tarjeta_comprometida,no,,,tarjeta_comprometida
1497,lost_or_stolen_card,"I thought I left my card at a restaurant, but they claim not to have it and now I don't have any idea where it is. I'm so worried that someone might be using it fraudulently. Is there any way to look into this?",tarjeta_comprometida,no,,,tarjeta_comprometida
1498,lost_or_stolen_card,My bag got stolen with all my cards. Can you please cancel my card and send a new one?,tarjeta_comprometida,no,,,tarjeta_comprometida
1499,lost_or_stolen_card,I think my card is stolen!,tarjeta_comprometida,no,,,tarjeta_comprometida
1500,lost_or_stolen_card,"Help!  I fear that my card was stolen,",tarjeta_comprometida,no,,,tarjeta_comprometida
1501,lost_or_stolen_card,Someone stole my card!,tarjeta_comprometida,no,,,tarjeta_comprometida
1502,lost_or_stolen_card,Are you able to guide me to my card's location?,tarjeta_comprometida,no,,,tarjeta_comprometida
1503,lost_or_stolen_card,How can I report that my card was stolen? I made a police report first.,tarjeta_comprometida,no,,,tarjeta_comprometida
1504,lost_or_stolen_card,My card is missing!  Help!,tarjeta_comprometida,no,,,tarjeta_comprometida
1505,lost_or_stolen_card,"My wallet was stolen, along with my cards. How do I put a freeze on my cards and order a new one?",tarjeta_comprometida,no,,,tarjeta_comprometida
1506,lost_or_stolen_card,Could you please freeze my card immediately?,tarjeta_comprometida,no,,,tarjeta_comprometida
1507,lost_or_stolen_card,"i need help, i lost my card",tarjeta_comprometida,no,,,tarjeta_comprometida
1508,lost_or_stolen_card,What can I do if I lost my card?,tarjeta_comprometida,no,,,tarjeta_comprometida
1509,lost_or_stolen_card,I think that the card is stolen.  What are my next steps?,tarjeta_comprometida,no,,,tarjeta_comprometida
1510,lost_or_stolen_card,What do I do if my card is stolen?,tarjeta_comprometida,no,,,tarjeta_comprometida
1511,lost_or_stolen_card,My card is stolen.  Help!,tarjeta_comprometida,no,,,tarjeta_comprometida
1512,lost_or_stolen_card,I lost track of my card,tarjeta_comprometida,no,,,tarjeta_comprometida
1513,lost_or_stolen_card,Report stolen card,tarjeta_comprometida,no,,,tarjeta_comprometida
1514,lost_or_stolen_card,Help!  My card is stolen.,tarjeta_comprometida,no,,,tarjeta_comprometida
1515,lost_or_stolen_card,"My card was lost on vacation, I don't know where it is. Can you help me take care of this immediately?",tarjeta_comprometida,no,,,tarjeta_comprometida
1516,lost_or_stolen_card,I have lost my card! What is my next step?,tarjeta_comprometida,no,,,tarjeta_comprometida
1517,lost_or_stolen_card,My card has been lost! help!,tarjeta_comprometida,no,,,tarjeta_comprometida
1518,lost_or_stolen_card,What do I do if my card has been lost or stolen?,tarjeta_comprometida,no,,,tarjeta_comprometida
1519,lost_or_stolen_card,Help Me!  I lost my card.  What should I do?,tarjeta_comprometida,no,,,tarjeta_comprometida
1520,lost_or_stolen_card,Someone stole my wallet with my card in it while vacationing in Spain. I really need my card blocked and a new one ordered.,tarjeta_comprometida,no,,,tarjeta_comprometida
1521,lost_or_stolen_card,Who can I speak with regarding a lost card?,tarjeta_comprometida,no,,,tarjeta_comprometida
1522,lost_or_stolen_card,My card has gone missing.,tarjeta_comprometida,no,,,tarjeta_comprometida
1523,lost_or_stolen_card,oh my god I lost my card! what should I do?,tarjeta_comprometida,no,,,tarjeta_comprometida
1524,lost_or_stolen_card,I can't find my card!  What should I do?,tarjeta_comprometida,no,,,tarjeta_comprometida
1525,lost_or_stolen_card,What is the first step that I should take after my card has been stolen?,tarjeta_comprometida,no,,,tarjeta_comprometida
1526,lost_or_stolen_card,I seem to have lost my card.,tarjeta_comprometida,no,,,tarjeta_comprometida
1527,lost_or_stolen_card,My card was stolen. What do I need to do?,tarjeta_comprometida,no,,,tarjeta_comprometida
1528,lost_or_stolen_card,Someone took my card without permission,tarjeta_comprometida,no,,,tarjeta_comprometida
1529,lost_or_stolen_card,I lost my card n need a new one.,tarjeta_comprometida,no,,,tarjeta_comprometida
1530,lost_or_stolen_card,My card has been lost / stolen,tarjeta_comprometida,no,,,tarjeta_comprometida
1531,lost_or_stolen_card,I misplaced my card and I dont know where the last place is where I used the card last. Can you look at my account and tell me the last place I used the card?,tarjeta_comprometida,no,,,tarjeta_comprometida
1532,lost_or_stolen_card,Please help me.  My card is missing.,tarjeta_comprometida,no,,,tarjeta_comprometida
1533,lost_or_stolen_card,"I lost my card, what do I do now?",tarjeta_comprometida,no,,,tarjeta_comprometida
1534,lost_or_stolen_card,I need to order a new card as my other one was stolen.,tarjeta_comprometida,no,,,tarjeta_comprometida
1535,lost_or_stolen_card,I think someone stole my card because I can't find it.,tarjeta_comprometida,no,,,tarjeta_comprometida
1536,lost_or_stolen_card,What are the steps I need to do if I have a stolen card?,tarjeta_comprometida,no,,,tarjeta_comprometida
1537,lost_or_stolen_card,I cant find my card.,tarjeta_comprometida,no,,,tarjeta_comprometida
1538,lost_or_stolen_card,I think my card is lost.  What do I do?,tarjeta_comprometida,no,,,tarjeta_comprometida
1539,lost_or_stolen_card,What should I do if my card is stolen?,tarjeta_comprometida,no,,,tarjeta_comprometida
1540,lost_or_stolen_card,How do I deactivate a stolen card?,tarjeta_comprometida,no,,,tarjeta_comprometida
1541,lost_or_stolen_card,"I want to block my card or deactivate it or something, it's been stolen and I don't want it misused. I want this handled right away.",tarjeta_comprometida,no,,,tarjeta_comprometida
1542,lost_or_stolen_card,Someone took my card without my permission.,tarjeta_comprometida,no,,,tarjeta_comprometida
1543,lost_or_stolen_card,Need help with a stolen card.,tarjeta_comprometida,no,,,tarjeta_comprometida
1544,lost_or_stolen_card,"help, lost my card",tarjeta_comprometida,no,,,tarjeta_comprometida
1545,lost_or_stolen_card,What do I do if my card was stolen.,tarjeta_comprometida,no,,,tarjeta_comprometida
1546,lost_or_stolen_card,I think my wallet fell out on the Tube today! I realized as soon as I got to my desk. How do I cut off the card?,tarjeta_comprometida,no,,,tarjeta_comprometida
1547,lost_or_stolen_card,My card is missing.,tarjeta_comprometida,no,,,tarjeta_comprometida
1548,lost_or_stolen_card,How do I report my card as lost or stolen?,tarjeta_comprometida,no,,,tarjeta_comprometida
1549,lost_or_stolen_card,Is there any way for you to find my card?,tarjeta_comprometida,no,,,tarjeta_comprometida
1550,lost_or_stolen_card,I've lost my card. What can I do about that?,tarjeta_comprometida,no,,,tarjeta_comprometida
1551,lost_or_stolen_card,I left my card at a restaurant and now its missing.,tarjeta_comprometida,no,,,tarjeta_comprometida
1552,lost_or_stolen_card,Can you help me retrieve my card?,tarjeta_comprometida,no,,,tarjeta_comprometida
1553,lost_or_stolen_card,I lost my card. Can you help me?,tarjeta_comprometida,no,,,tarjeta_comprometida
1554,lost_or_stolen_card,What should I do?  My card has been stolen!,tarjeta_comprometida,no,,,tarjeta_comprometida
1555,lost_or_stolen_card,My card was stolen last night.,tarjeta_comprometida,no,,,tarjeta_comprometida
1556,lost_or_stolen_card,Could you assist me in finding my lost card?,tarjeta_comprometida,no,,,tarjeta_comprometida
1575,age_limit,I'd like to open an account for my kids can I do that?,fuera_de_alcance,no,,,fuera_de_alcance
1630,age_limit,I would like to get an account for my child.,fuera_de_alcance,no,,,fuera_de_alcance
1635,age_limit,As my kids get older are they able to get set up with their own accounts?,fuera_de_alcance,no,,,fuera_de_alcance
1752,pin_blocked,My PIN was blocked.,fuera_de_alcance,no,,,fuera_de_alcance
1754,pin_blocked,I have exceeded all my PIN tries,fuera_de_alcance,no,,,fuera_de_alcance
1765,pin_blocked,"My PIN got blocked, help.",fuera_de_alcance,no,,,fuera_de_alcance
1786,contactless_not_working,how many days processing new card?,fuera_de_alcance,no,,,fuera_de_alcance
1835,top_up_by_bank_transfer_charge,Am I charged for receiving money?,fuera_de_alcance,no,,,fuera_de_alcance
1893,top_up_by_bank_transfer_charge,What are the additional charges for a SWIFT transfer?,fuera_de_alcance,no,,,fuera_de_alcance
1898,top_up_by_bank_transfer_charge,Is there a fee for topping off by transfer?,fuera_de_alcance,no,,,fuera_de_alcance
1899,top_up_by_bank_transfer_charge,Will I be charged for receiving the money?,fuera_de_alcance,no,,,fuera_de_alcance
1947,pending_top_up,"My top up has been pending for an hour already, and I really need this to go through as soon as possible.  Can you help?",fuera_de_alcance,no,,,fuera_de_alcance
1970,pending_top_up,"Help, I don't see my money i just added.",fuera_de_alcance,no,,,fuera_de_alcance
2042,pending_top_up,How long do I need to wait til my top up isn't pending?,fuera_de_alcance,no,,,fuera_de_alcance
2093,cancel_transfer,"Please cancel my most recent transfer, it was a mistake. This is an emergency. It needs to be canceled before it goes through.",fuera_de_alcance,no,,,fuera_de_alcance
2152,cancel_transfer,Help me cancel a transaction.,fuera_de_alcance,no,,,fuera_de_alcance
2190,cancel_transfer,"I paid my rent into the wrong account, could you please pay it into the right account, it needs to be done by tomorrow.",fuera_de_alcance,no,,,fuera_de_alcance
2217,cancel_transfer,My morning transaction needs to be canceled.,fuera_de_alcance,no,,,fuera_de_alcance
2232,cancel_transfer,"I wanted to transfer money to another account, but now I don't have to so I'd like to cancel said transfer. How can I do that?",fuera_de_alcance,no,,,fuera_de_alcance
2253,top_up_limits,Is there a limit to how much I can top-up?,fuera_de_alcance,no,,,fuera_de_alcance
2275,top_up_limits,Whats the max I can top up,fuera_de_alcance,no,,,fuera_de_alcance
2290,top_up_limits,Tell me about the limit for top ups.,fuera_de_alcance,no,,,fuera_de_alcance
2336,wrong_amount_of_cash_received,The ATM didn't give me enough money.,cobro_incorrecto,no,,,cobro_incorrecto
2340,wrong_amount_of_cash_received,"Hi, I used an ATM today to take money out of my account, but the amount it gave me is not the amount I requested. What should I do?",cobro_incorrecto,no,,,cobro_incorrecto
2343,wrong_amount_of_cash_received,Some cash was missing at ATM.,cobro_incorrecto,no,,,cobro_incorrecto
2346,wrong_amount_of_cash_received,how come when i asked for 100 it only gave me 20.00 in the app,cobro_incorrecto,no,,,cobro_incorrecto
2347,wrong_amount_of_cash_received,Asked for $100 but only got $20. Why would this happen?,cobro_incorrecto,no,,,cobro_incorrecto
2349,wrong_amount_of_cash_received,I got less money than I asked for.,cobro_incorrecto,no,,,cobro_incorrecto
2350,wrong_amount_of_cash_received,"Hi, Please help me to request cash back. As i have been withdrawn money from ATM, but i got wrong amount. in Application its showing the amount i have been charged through.",cobro_incorrecto,no,,,cobro_incorrecto
2355,wrong_amount_of_cash_received,The amount of cash I received was not the full amount,cobro_incorrecto,no,,,cobro_incorrecto
2356,wrong_amount_of_cash_received,How can I request cash back? The ATM just gave me the wrong amount that I've been charged though...,cobro_incorrecto,no,,,cobro_incorrecto
2357,wrong_amount_of_cash_received,I was only given $20 after trying to withdraw $100,cobro_incorrecto,no,,,cobro_incorrecto
2359,wrong_amount_of_cash_received,I went tot the ATM earlier today and didn't realize this till now but I did not get all the money I requested.  I believe my account was charged for 100 but I only got 80.  Is there any way we can solve this problem?,cobro_incorrecto,no,,,cobro_incorrecto
2360,wrong_amount_of_cash_received,I got less cash than what I specified at the ATM.,cobro_incorrecto,no,,,cobro_incorrecto
2361,wrong_amount_of_cash_received,Why did I not get the amount of money I requested?,cobro_incorrecto,no,,,cobro_incorrecto
2362,wrong_amount_of_cash_received,I'm at the ATM right now and it only allowed me to withdraw 10 pounds instead of my requested 30. What's going on? How can I fix this?,cobro_incorrecto,no,,,cobro_incorrecto
2366,wrong_amount_of_cash_received,my cash balance less than what I thought,cobro_incorrecto,no,,,cobro_incorrecto
2369,wrong_amount_of_cash_received,I only got $20 of the $100 that I attempted to withdraw.,cobro_incorrecto,no,,,cobro_incorrecto
2372,wrong_amount_of_cash_received,"HELP! I tried to get cash and it gave me some, but not the right amount!",cobro_incorrecto,no,,,cobro_incorrecto
2373,wrong_amount_of_cash_received,"I am calling because the ATM didn't give me the right amount of cash, but my app shows the actual amount I wanted to withdraw. What should I do to get my money back?",cobro_incorrecto,no,,,cobro_incorrecto
2376,wrong_amount_of_cash_received,I received the wrong amount of cash back,cobro_incorrecto,no,,,cobro_incorrecto
2382,wrong_amount_of_cash_received,"I normally don't use ATMs, but I was in a rush today and had to withdraw some cash. The ATM gave me the wrong amount of money and now my app is not showing the same amount as it should. What do I do?",cobro_incorrecto,no,,,cobro_incorrecto
2386,wrong_amount_of_cash_received,I did not get the right amount of cash from the ATM.,cobro_incorrecto,no,,,cobro_incorrecto
2387,wrong_amount_of_cash_received,Why did I get less from the ATM?,cobro_incorrecto,no,,,cobro_incorrecto
2391,wrong_amount_of_cash_received,I was given less cash then I wanted.,cobro_incorrecto,no,,,cobro_incorrecto
2396,wrong_amount_of_cash_received,"Help, your app is showing a larger WD than I actually did earlier at an ATM.",cobro_incorrecto,no,,,cobro_incorrecto
2397,wrong_amount_of_cash_received,"I think something went wrong, I didn't get the right amount.",cobro_incorrecto,no,,,cobro_incorrecto
2398,wrong_amount_of_cash_received,What do I do if I got the wrong amount at the ATM?,cobro_incorrecto,no,,,cobro_incorrecto
2399,wrong_amount_of_cash_received,I did not receive the right amount of cash I requested,cobro_incorrecto,no,,,cobro_incorrecto
2400,wrong_amount_of_cash_received,I attempted to withdraw some money from an ATM this morning and received the wrong amount. Your app says I have enough money available in the account. Can someone tell me what's wrong?,cobro_incorrecto,no,,,cobro_incorrecto
2404,wrong_amount_of_cash_received,I requested $100 but only got $20,cobro_incorrecto,no,,,cobro_incorrecto
2406,wrong_amount_of_cash_received,I tried withdrawing but my cash is not showing up?,cobro_incorrecto,no,,,cobro_incorrecto
2407,wrong_amount_of_cash_received,I was not able to receive the correct amount of cash.,cobro_incorrecto,no,,,cobro_incorrecto
2409,wrong_amount_of_cash_received,I did not get enough cash,cobro_incorrecto,no,,,cobro_incorrecto
2410,wrong_amount_of_cash_received,"I tried to withdraw some money from an ATM this morning but wasn't able to get the amount of cash I needed. The amount in the app says what I was trying to withdraw was deducted, but I don't have any money. What do I do about this?",cobro_incorrecto,no,,,cobro_incorrecto
2413,wrong_amount_of_cash_received,I am so angry right now!  I went to the ATM and did not get the correct amount of money I chose to withdraw.  How could this happen?  I need my money and want to know how I can get it ASAP!,cobro_incorrecto,no,,,cobro_incorrecto
2415,wrong_amount_of_cash_received,The atm didn't give me all my cash,cobro_incorrecto,no,,,cobro_incorrecto
2417,wrong_amount_of_cash_received,I did not ask for the amount of cash that I received.,cobro_incorrecto,no,,,cobro_incorrecto
2424,wrong_amount_of_cash_received,How can I request cash back? The ATM just gave me a different amount than what I've been charged though...,cobro_incorrecto,no,,,cobro_incorrecto
2426,wrong_amount_of_cash_received,My cash received does not match what has been requested,cobro_incorrecto,no,,,cobro_incorrecto
2427,wrong_amount_of_cash_received,I was not given the amount of cash I withdrew,cobro_incorrecto,no,,,cobro_incorrecto
2428,wrong_amount_of_cash_received,I was not distributed all of cash that I requested,cobro_incorrecto,no,,,cobro_incorrecto
2431,wrong_amount_of_cash_received,"I asked for $40 and I only received $20, what happened?",cobro_incorrecto,no,,,cobro_incorrecto
2432,wrong_amount_of_cash_received,Why didn't I get the amount I requested at the ATM?,cobro_incorrecto,no,,,cobro_incorrecto
2435,wrong_amount_of_cash_received,I haven't received my cash yet.,cobro_incorrecto,no,,,cobro_incorrecto
2439,wrong_amount_of_cash_received,Why did I get less cash than what I asked in the ATM?,cobro_incorrecto,no,,,cobro_incorrecto
2440,wrong_amount_of_cash_received,My cash withdrawal was short.,cobro_incorrecto,no,,,cobro_incorrecto
2442,wrong_amount_of_cash_received,The ATM shows a withdraw of the amount of money I requested but I didn't revieve that amount in cash.,cobro_incorrecto,no,,,cobro_incorrecto
2443,wrong_amount_of_cash_received,"When I went to $100, all the machine would give me was $20.",cobro_incorrecto,no,,,cobro_incorrecto
2444,wrong_amount_of_cash_received,What happens if the ATM gives me the wrong amount of money?,cobro_incorrecto,no,,,cobro_incorrecto
2446,wrong_amount_of_cash_received,You shorted me money when I tried to make a withdrawal.,cobro_incorrecto,no,,,cobro_incorrecto
2451,wrong_amount_of_cash_received,Why did the ATM give me less money than what I requested?,cobro_incorrecto,no,,,cobro_incorrecto
2453,wrong_amount_of_cash_received,How can we correct a mistake on an ATM transaction?  The app shows what I should have gotten.,cobro_incorrecto,no,,,cobro_incorrecto
2455,wrong_amount_of_cash_received,The ATM didn't give me what I asked for but my balance says it did,cobro_incorrecto,no,,,cobro_incorrecto
2458,wrong_amount_of_cash_received,A wrong amount of cash we sent to me.,cobro_incorrecto,no,,,cobro_incorrecto
2463,wrong_amount_of_cash_received,I requested money from the ATM and it didn't give me as much as I requested.,cobro_incorrecto,no,,,cobro_incorrecto
2466,wrong_amount_of_cash_received,How can I fix this? The ATM gave me more cash than I'd asked for.,cobro_incorrecto,no,,,cobro_incorrecto
2468,wrong_amount_of_cash_received,I wanted to take out $100 but I only got $20.,cobro_incorrecto,no,,,cobro_incorrecto
2469,wrong_amount_of_cash_received,"Help, the ATM didn't give me all the money I requested",cobro_incorrecto,no,,,cobro_incorrecto
2470,wrong_amount_of_cash_received,The cash I asked for still hasn't been received,cobro_incorrecto,no,,,cobro_incorrecto
2471,wrong_amount_of_cash_received,I wanted $100 but only got $20,cobro_incorrecto,no,,,cobro_incorrecto
2472,wrong_amount_of_cash_received,The ATM didn't give me the amount I asked for,cobro_incorrecto,no,,,cobro_incorrecto
2473,wrong_amount_of_cash_received,Where'd the rest of my cash go from the ATM,cobro_incorrecto,no,,,cobro_incorrecto
2477,wrong_amount_of_cash_received,The atm didn'y give me all the cash,cobro_incorrecto,no,,,cobro_incorrecto
2479,wrong_amount_of_cash_received,I received the wrong amount of cash from the ATM. Can you help?,cobro_incorrecto,no,,,cobro_incorrecto
2481,wrong_amount_of_cash_received,I was only given $20 when I tried to get $100,cobro_incorrecto,no,,,cobro_incorrecto
2485,wrong_amount_of_cash_received,The amount of cash i have received is not correct.,cobro_incorrecto,no,,,cobro_incorrecto
2486,wrong_amount_of_cash_received,How can I get my money that I didn't get from the ATM?,cobro_incorrecto,no,,,cobro_incorrecto
2487,wrong_amount_of_cash_received,"Hi, Today i have withdrawn cash from ATM but i got wrong amount and in the app it is showing much more amount than that.",cobro_incorrecto,no,,,cobro_incorrecto
2493,wrong_amount_of_cash_received,The ATM I'm standing in front of only gave me 10 pounds rather than the 30 pounds I wanted. The app shows I took out 30 pounds also. What do I need to do to fix this?,cobro_incorrecto,no,,,cobro_incorrecto
2494,wrong_amount_of_cash_received,I only got some of the cash I requested from the ATM,cobro_incorrecto,no,,,cobro_incorrecto
2503,wrong_amount_of_cash_received,I couldn't get the money I needed.,cobro_incorrecto,no,,,cobro_incorrecto
2504,wrong_amount_of_cash_received,Who should I contact if the amount of my withdrawal doesn't correspond to the amount that I tried to take out of my account?,cobro_incorrecto,no,,,cobro_incorrecto
2506,wrong_amount_of_cash_received,So I just went to the ATM to get some cash.  I input that I needed 100 pounds but I only got 80.  I have the receipt  and I am in need of the extra money.  How do I go about obtaining the missing amount?,cobro_incorrecto,no,,,cobro_incorrecto
2507,wrong_amount_of_cash_received,The amount of money I pushed at the atm machine did not come out of the machine.,cobro_incorrecto,no,,,cobro_incorrecto
2508,wrong_amount_of_cash_received,"I got less than what i asked for in the ATM, why?",cobro_incorrecto,no,,,cobro_incorrecto
2509,wrong_amount_of_cash_received,"I'm stuck here at your broken ATM and I don't know what to do next. Asked for 30 pounds, got 10. ATM said I got 30. Something very wrong here and I want my money now!",cobro_incorrecto,sí,cargo_no_reconocido,"regla 4: no reconoce el cargo (""don't know"")",fuera_de_alcance
2520,card_payment_fee_charged,I had to pay a fee when buying items with my card.,fuera_de_alcance,sí,fuera_de_alcance,"comisión: pregunta por qué existe o cuánto cuesta (aclaración de comisiones); clase mixta, revisar",fuera_de_alcance
2526,card_payment_fee_charged,I paid with card and was charged a fee that shouldn't be there!,cobro_incorrecto,sí,cobro_incorrecto,"comisión: la considera indebida o mal cobrada (aclaración de comisiones); clase mixta, revisar",cobro_incorrecto
2527,card_payment_fee_charged,Why was I charged an extra fee when paying with card?,fuera_de_alcance,sí,fuera_de_alcance,"comisión: pregunta por qué existe o cuánto cuesta (aclaración de comisiones); clase mixta, revisar",fuera_de_alcance
2529,card_payment_fee_charged,I don't understand why I was charged an additional fee for this service. Can you clarify?,fuera_de_alcance,sí,fuera_de_alcance,"comisión: pregunta por qué existe o cuánto cuesta (aclaración de comisiones); clase mixta, revisar",fuera_de_alcance
2530,card_payment_fee_charged,Why is there a fee for using my card?,fuera_de_alcance,sí,fuera_de_alcance,"comisión: pregunta por qué existe o cuánto cuesta (aclaración de comisiones); clase mixta, revisar",fuera_de_alcance
2535,card_payment_fee_charged,Why are you charging me fees for using my card?,fuera_de_alcance,sí,fuera_de_alcance,"comisión: pregunta por qué existe o cuánto cuesta (aclaración de comisiones); clase mixta, revisar",fuera_de_alcance
2536,card_payment_fee_charged,What is the extra fee that showed up on my card?,fuera_de_alcance,sí,fuera_de_alcance,"comisión: pregunta por qué existe o cuánto cuesta (aclaración de comisiones); clase mixta, revisar",fuera_de_alcance
2541,card_payment_fee_charged,I think a fee was applied for paying with a card.,fuera_de_alcance,sí,fuera_de_alcance,"comisión: pregunta por qué existe o cuánto cuesta (aclaración de comisiones); clase mixta, revisar",fuera_de_alcance
2549,card_payment_fee_charged,Why is this fee being charged to me after using my card?,fuera_de_alcance,sí,fuera_de_alcance,"comisión: pregunta por qué existe o cuánto cuesta (aclaración de comisiones); clase mixta, revisar",fuera_de_alcance
2556,card_payment_fee_charged,Please tell me why I was charged additionally when I used the card.,fuera_de_alcance,sí,fuera_de_alcance,"comisión: pregunta por qué existe o cuánto cuesta (aclaración de comisiones); clase mixta, revisar",fuera_de_alcance
2566,card_payment_fee_charged,I saw a fee on my app from one of my payments and I wasn't sure where it came from. Is there a way you can tell me when there's an additional fee for my payments?,fuera_de_alcance,sí,fuera_de_alcance,"comisión: pregunta por qué existe o cuánto cuesta (aclaración de comisiones); clase mixta, revisar",cargo_no_reconocido
2571,card_payment_fee_charged,"I am tired of getting charged fees, and I have no idea why, please let me know what/when you charge fees for.",fuera_de_alcance,sí,fuera_de_alcance,"comisión: pregunta por qué existe o cuánto cuesta (aclaración de comisiones); clase mixta, revisar",fuera_de_alcance
2577,card_payment_fee_charged,"There are multiple instances where you added a fee to the payment, as well as some where you didn't. Do you have an outline of when a fee will be added?",fuera_de_alcance,sí,fuera_de_alcance,"comisión: pregunta por qué existe o cuánto cuesta (aclaración de comisiones); clase mixta, revisar",fuera_de_alcance
2579,card_payment_fee_charged,I got a fee when paying with my card,fuera_de_alcance,sí,fuera_de_alcance,"comisión: pregunta por qué existe o cuánto cuesta (aclaración de comisiones); clase mixta, revisar",fuera_de_alcance
2580,card_payment_fee_charged,why is there a fee for a payment on my card?,fuera_de_alcance,sí,fuera_de_alcance,"comisión: pregunta por qué existe o cuánto cuesta (aclaración de comisiones); clase mixta, revisar",fuera_de_alcance
2584,card_payment_fee_charged,Why did I have to pay extra because I paid with my card?,fuera_de_alcance,sí,fuera_de_alcance,"comisión: pregunta por qué existe o cuánto cuesta (aclaración de comisiones); clase mixta, revisar",fuera_de_alcance
2586,card_payment_fee_charged,Let me know when you charge extra for payments please. I just checked the app earlier when I saw that there was an additional fee on one of the payments that I wasn't warned about before.,fuera_de_alcance,sí,fuera_de_alcance,"comisión: pregunta por qué existe o cuánto cuesta (aclaración de comisiones); clase mixta, revisar",fuera_de_alcance
2590,card_payment_fee_charged,Why do I have to pay extra for using my card?,fuera_de_alcance,sí,fuera_de_alcance,"comisión: pregunta por qué existe o cuánto cuesta (aclaración de comisiones); clase mixta, revisar",fuera_de_alcance
2593,card_payment_fee_charged,My account was charged a fee. When did you start charging extra for card payments?,fuera_de_alcance,sí,fuera_de_alcance,"comisión: pregunta por qué existe o cuánto cuesta (aclaración de comisiones); clase mixta, revisar",fuera_de_alcance
2595,card_payment_fee_charged,I was charged and shouldn't have been charged when using my card!,cobro_incorrecto,sí,cobro_incorrecto,"comisión: la considera indebida o mal cobrada (aclaración de comisiones); clase mixta, revisar",cobro_incorrecto
2597,card_payment_fee_charged,I was mistakenly charged a fee for using my card.,fuera_de_alcance,sí,fuera_de_alcance,"comisión: pregunta por qué existe o cuánto cuesta (aclaración de comisiones); clase mixta, revisar",cobro_incorrecto
2604,card_payment_fee_charged,What are these fees i am paying?,fuera_de_alcance,sí,fuera_de_alcance,"comisión: pregunta por qué existe o cuánto cuesta (aclaración de comisiones); clase mixta, revisar",cargo_no_reconocido
2606,card_payment_fee_charged,How come I was charged an extra fee when paying with the card?,fuera_de_alcance,sí,fuera_de_alcance,"comisión: pregunta por qué existe o cuánto cuesta (aclaración de comisiones); clase mixta, revisar",fuera_de_alcance
2608,card_payment_fee_charged,Am I getting charged for making a payment?,fuera_de_alcance,sí,fuera_de_alcance,"comisión: pregunta por qué existe o cuánto cuesta (aclaración de comisiones); clase mixta, revisar",fuera_de_alcance
2612,card_payment_fee_charged,There was a charge applied when I used my card.,fuera_de_alcance,sí,fuera_de_alcance,"comisión: pregunta por qué existe o cuánto cuesta (aclaración de comisiones); clase mixta, revisar",fuera_de_alcance
2615,card_payment_fee_charged,Is there a place to check for fee for payments? I feel like I'm getting charged too much at times.,fuera_de_alcance,sí,fuera_de_alcance,"comisión: pregunta por qué existe o cuánto cuesta (aclaración de comisiones); clase mixta, revisar",fuera_de_alcance
2619,card_payment_fee_charged,"I am getting charged fees on some payments.  Please help me understand, where are these fees disclosed?",fuera_de_alcance,sí,fuera_de_alcance,"comisión: pregunta por qué existe o cuánto cuesta (aclaración de comisiones); clase mixta, revisar",fuera_de_alcance
2622,card_payment_fee_charged,I didn't know I was going to get charged to use my card.,fuera_de_alcance,sí,fuera_de_alcance,"comisión: pregunta por qué existe o cuánto cuesta (aclaración de comisiones); clase mixta, revisar",fuera_de_alcance
2623,card_payment_fee_charged,I have been charged an extra fee when buying from your store. Why is this?,fuera_de_alcance,sí,fuera_de_alcance,"comisión: pregunta por qué existe o cuánto cuesta (aclaración de comisiones); clase mixta, revisar",cargo_no_reconocido
2626,card_payment_fee_charged,Let me know when applying extra charges for payments. I just checked the app and saw a fee that I wasn't warned about.,fuera_de_alcance,sí,fuera_de_alcance,"comisión: pregunta por qué existe o cuánto cuesta (aclaración de comisiones); clase mixta, revisar",fuera_de_alcance
2628,card_payment_fee_charged,Why did I get charged extra?,fuera_de_alcance,sí,fuera_de_alcance,"comisión: pregunta por qué existe o cuánto cuesta (aclaración de comisiones); clase mixta, revisar",cargo_no_reconocido
2629,card_payment_fee_charged,I paid with card and I was charged a fee,fuera_de_alcance,sí,fuera_de_alcance,"comisión: pregunta por qué existe o cuánto cuesta (aclaración de comisiones); clase mixta, revisar",fuera_de_alcance
2630,card_payment_fee_charged,I made a purchase but never expected to see a fee charged for the transaction.,fuera_de_alcance,sí,fuera_de_alcance,"comisión: pregunta por qué existe o cuánto cuesta (aclaración de comisiones); clase mixta, revisar",fuera_de_alcance
2631,card_payment_fee_charged,I was charged for using my card?,fuera_de_alcance,sí,fuera_de_alcance,"comisión: pregunta por qué existe o cuánto cuesta (aclaración de comisiones); clase mixta, revisar",fuera_de_alcance
2635,card_payment_fee_charged,Why was I charged extra using my card?,fuera_de_alcance,sí,fuera_de_alcance,"comisión: pregunta por qué existe o cuánto cuesta (aclaración de comisiones); clase mixta, revisar",fuera_de_alcance
2636,card_payment_fee_charged,How was I charged extra when I used my card to pay?,fuera_de_alcance,sí,fuera_de_alcance,"comisión: pregunta por qué existe o cuánto cuesta (aclaración de comisiones); clase mixta, revisar",fuera_de_alcance
2637,card_payment_fee_charged,When do i get charged a fee for using the card?,fuera_de_alcance,sí,fuera_de_alcance,"comisión: pregunta por qué existe o cuánto cuesta (aclaración de comisiones); clase mixta, revisar",fuera_de_alcance
2652,card_payment_fee_charged,What was the extra charge for using my card?,fuera_de_alcance,sí,fuera_de_alcance,"comisión: pregunta por qué existe o cuánto cuesta (aclaración de comisiones); clase mixta, revisar",fuera_de_alcance
2653,card_payment_fee_charged,Why was a fee added to my bill when I used my card?,fuera_de_alcance,sí,fuera_de_alcance,"comisión: pregunta por qué existe o cuánto cuesta (aclaración de comisiones); clase mixta, revisar",fuera_de_alcance
2654,card_payment_fee_charged,Please tell my why I was charged a fee for using my card?,fuera_de_alcance,sí,fuera_de_alcance,"comisión: pregunta por qué existe o cuánto cuesta (aclaración de comisiones); clase mixta, revisar",fuera_de_alcance
2657,card_payment_fee_charged,I was charged an additional amount of money for making a purchase with my card,fuera_de_alcance,sí,fuera_de_alcance,"comisión: pregunta por qué existe o cuánto cuesta (aclaración de comisiones); clase mixta, revisar",fuera_de_alcance
2663,card_payment_fee_charged,Why did I get charged more for using my card?,fuera_de_alcance,sí,fuera_de_alcance,"comisión: pregunta por qué existe o cuánto cuesta (aclaración de comisiones); clase mixta, revisar",fuera_de_alcance
2664,card_payment_fee_charged,I recently bought an item using my card and I was charged an extra fee why is this?,fuera_de_alcance,sí,fuera_de_alcance,"comisión: pregunta por qué existe o cuánto cuesta (aclaración de comisiones); clase mixta, revisar",fuera_de_alcance
2669,card_payment_fee_charged,Why was I charged a fee for debit or credit card payment?,fuera_de_alcance,sí,fuera_de_alcance,"comisión: pregunta por qué existe o cuánto cuesta (aclaración de comisiones); clase mixta, revisar",fuera_de_alcance
2672,card_payment_fee_charged,I was charged an extra fee for a card payment. I was unaware of these fees beforehand.,fuera_de_alcance,sí,fuera_de_alcance,"comisión: pregunta por qué existe o cuánto cuesta (aclaración de comisiones); clase mixta, revisar",fuera_de_alcance
2675,card_payment_fee_charged,I got charged for with a fee for paying with my card.,fuera_de_alcance,sí,fuera_de_alcance,"comisión: pregunta por qué existe o cuánto cuesta (aclaración de comisiones); clase mixta, revisar",fuera_de_alcance
2678,card_payment_fee_charged,I noticed an extra fee when I paid with my card.,fuera_de_alcance,sí,fuera_de_alcance,"comisión: pregunta por qué existe o cuánto cuesta (aclaración de comisiones); clase mixta, revisar",fuera_de_alcance
2684,card_payment_fee_charged,Please explain the extra fee when I paid with the card.,fuera_de_alcance,sí,fuera_de_alcance,"comisión: pregunta por qué existe o cuánto cuesta (aclaración de comisiones); clase mixta, revisar",fuera_de_alcance
2687,card_payment_fee_charged,Is there an allowance on cards?,fuera_de_alcance,sí,fuera_de_alcance,"comisión: pregunta por qué existe o cuánto cuesta (aclaración de comisiones); clase mixta, revisar",fuera_de_alcance
2693,card_payment_fee_charged,Why am I charged a fee for using my card on some purchases?,fuera_de_alcance,sí,fuera_de_alcance,"comisión: pregunta por qué existe o cuánto cuesta (aclaración de comisiones); clase mixta, revisar",fuera_de_alcance
2694,card_payment_fee_charged,Why am I being charged a fee for using my card? If there is some print out of places that charge me can you please send me that?,fuera_de_alcance,sí,fuera_de_alcance,"comisión: pregunta por qué existe o cuánto cuesta (aclaración de comisiones); clase mixta, revisar",fuera_de_alcance
2695,card_payment_fee_charged,How can I tell if there will be a fee added to my payment or not?,fuera_de_alcance,sí,fuera_de_alcance,"comisión: pregunta por qué existe o cuánto cuesta (aclaración de comisiones); clase mixta, revisar",fuera_de_alcance
2696,card_payment_fee_charged,You promised no fees but now I've got one. What the hell!?,cobro_incorrecto,sí,cobro_incorrecto,"comisión: la considera indebida o mal cobrada (aclaración de comisiones); clase mixta, revisar",cobro_incorrecto
2728,transfer_not_received_by_recipient,"I sent money to someone but they haven't gotten it, what's going on?",fuera_de_alcance,no,,,fuera_de_alcance
2758,transfer_not_received_by_recipient,Why hasn't my friend received the money i sent them yet?,fuera_de_alcance,no,,,fuera_de_alcance
2773,transfer_not_received_by_recipient,"I'm trying to make a payment to my new landlord. Even though the payment was sent a few days ago, it isn't clearing on their side. Can you verify that payment has been made?",fuera_de_alcance,no,,,fuera_de_alcance
2838,transfer_not_received_by_recipient,I dont see my reciept,fuera_de_alcance,no,,,fuera_de_alcance
2898,supported_cards_and_currencies,Which foreign currencies do you accept for adding money?,fuera_de_alcance,no,,,fuera_de_alcance
2899,supported_cards_and_currencies,I only have one other credit card from the US. Do you accept that?,fuera_de_alcance,no,,,fuera_de_alcance
2988,supported_cards_and_currencies,What currencies can be used for top up?,fuera_de_alcance,no,,,fuera_de_alcance
3010,getting_virtual_card,how to i go about getting my virtual card,fuera_de_alcance,no,,,fuera_de_alcance
3024,getting_virtual_card,How do I go about getting hold of a virtual card?,fuera_de_alcance,no,,,fuera_de_alcance
3087,getting_virtual_card,explain the virtual card,fuera_de_alcance,no,,,fuera_de_alcance
3136,card_acceptance,Are there limits as to where my card will be accepted?,fuera_de_alcance,no,,,fuera_de_alcance
3176,top_up_reverted,My top-up was cancelled and I am writing to ask if I need to complete the 3D Secure authentication section before I submit it.,fuera_de_alcance,no,,,fuera_de_alcance
3200,top_up_reverted,I put some money in my account the other day but now its gone? Why is this?,fuera_de_alcance,no,,,fuera_de_alcance
3237,top_up_reverted,"If my top-up didn't transfer, what went wrong?",fuera_de_alcance,no,,,fuera_de_alcance
3316,balance_not_updated_after_cheque_or_cash_deposit,I'm not seeing my cash deposit showing up in my account.,fuera_de_alcance,no,,,fuera_de_alcance
3394,balance_not_updated_after_cheque_or_cash_deposit,My cash deposit hasn't posted to my account.,fuera_de_alcance,no,,,fuera_de_alcance
3416,balance_not_updated_after_cheque_or_cash_deposit,I put money in my account a week ago but its still not there?? What happened to my money?,fuera_de_alcance,no,,,fuera_de_alcance
3433,balance_not_updated_after_cheque_or_cash_deposit,How long does it take to show a deposit I made to my balance?,fuera_de_alcance,no,,,fuera_de_alcance
3449,balance_not_updated_after_cheque_or_cash_deposit,"I deposited a check yesterday to up my account balance, but that deposit hasn't shown up yet.  It's been a day already!",fuera_de_alcance,no,,,fuera_de_alcance
3481,balance_not_updated_after_cheque_or_cash_deposit,"I deposited some money, but the balance has not changed.",fuera_de_alcance,no,,,fuera_de_alcance
3482,card_payment_not_recognised,There's a payment with my card that I didn't perform. I don't know that name shown.,cargo_no_reconocido,no,,,cargo_no_reconocido
3484,card_payment_not_recognised,"There's a payment with my card that I definitely didn't do myself, never seen that name before.",cargo_no_reconocido,no,,,cargo_no_reconocido
3485,card_payment_not_recognised,Help! In the app there is a payment that I don't remember.,cargo_no_reconocido,no,,,cargo_no_reconocido
3486,card_payment_not_recognised,I don't understand where this charge came from.,cargo_no_reconocido,no,,,cargo_no_reconocido
3487,card_payment_not_recognised,there is a charge i dont recognize,cargo_no_reconocido,no,,,cargo_no_reconocido
3488,card_payment_not_recognised,"I need to figure out what these charges are on my account. They've been coming out for a couple of days. Can i get all of this money back? Also, I need to freeze my card.",cargo_no_reconocido,no,,,cargo_no_reconocido
3491,card_payment_not_recognised,I'm using the app and I noticed a payment that I didn't make.,cargo_no_reconocido,no,,,cargo_no_reconocido
3492,card_payment_not_recognised,"A strange card payment, I do not recognize it.",cargo_no_reconocido,no,,,cargo_no_reconocido
3493,card_payment_not_recognised,They is a payment I don't recognize on my statement.,cargo_no_reconocido,no,,,cargo_no_reconocido
3494,card_payment_not_recognised,I have an unusual payment in my statement,cargo_no_reconocido,no,,,cargo_no_reconocido
3497,card_payment_not_recognised,"If I see a payment in the app that I don't recognize, what should I do?",cargo_no_reconocido,no,,,cargo_no_reconocido
3498,card_payment_not_recognised,I do not recognise the card payment.,cargo_no_reconocido,no,,,cargo_no_reconocido
3500,card_payment_not_recognised,Just today there was a purchase on my card that wasn't done by me. Can this be reversed and my card be frozen? I can't have this continue!,cargo_no_reconocido,no,,,cargo_no_reconocido
3501,card_payment_not_recognised,I need some help now please! There are some transactions on my account that I do not remember purchasing. Can they be reversed? Can you please cancel or freeze my card so I don't keep getting charged?!,cargo_no_reconocido,no,,,cargo_no_reconocido
3504,card_payment_not_recognised,There has been a payment  in the App that has not be done by me.,cargo_no_reconocido,no,,,cargo_no_reconocido
3505,card_payment_not_recognised,I don't recognize a purchase that was made with my card.,cargo_no_reconocido,no,,,cargo_no_reconocido
3506,card_payment_not_recognised,I'm checking the app and I see a payment that's not mine.,cargo_no_reconocido,no,,,cargo_no_reconocido
3507,card_payment_not_recognised,I have a charge for something I didn't buy.,cargo_no_reconocido,no,,,cargo_no_reconocido
3508,card_payment_not_recognised,A payment on my statement is wrong.,cargo_no_reconocido,no,,,cargo_no_reconocido
3509,card_payment_not_recognised,There's a payment that isn't mine on my app,cargo_no_reconocido,no,,,cargo_no_reconocido
3510,card_payment_not_recognised,What is this strange payment in my account?,cargo_no_reconocido,no,,,cargo_no_reconocido
3511,card_payment_not_recognised,I'm not sure where this charge came from.,cargo_no_reconocido,no,,,cargo_no_reconocido
3512,card_payment_not_recognised,I looked at my statement and found a payment I and found a mistake.,cargo_no_reconocido,no,,,cargo_no_reconocido
3513,card_payment_not_recognised,A payment in my account was made by someone I don't know,cargo_no_reconocido,no,,,cargo_no_reconocido
3514,card_payment_not_recognised,"I don't recognize this payment on my app, I am sure I didn't spend any money there.",cargo_no_reconocido,no,,,cargo_no_reconocido
3515,card_payment_not_recognised,There are a couple of payments with my card shown in the app that in reality I didn't make. Maybe someone has access to my card?Can you check whats the issue ?,cargo_no_reconocido,no,,,cargo_no_reconocido
3517,card_payment_not_recognised,Payment I didn't do.,cargo_no_reconocido,no,,,cargo_no_reconocido
3518,card_payment_not_recognised,Why is there a random payment in my statement?,cargo_no_reconocido,no,,,cargo_no_reconocido
3520,card_payment_not_recognised,A payment I didn't do shows in my app,cargo_no_reconocido,no,,,cargo_no_reconocido
3521,card_payment_not_recognised,There is  a charge I don't recognize.,cargo_no_reconocido,no,,,cargo_no_reconocido
3522,card_payment_not_recognised,I'm noticing a payment/purchase at a company that I don't recognise.,cargo_no_reconocido,no,,,cargo_no_reconocido
3523,card_payment_not_recognised,There seems to be a couple of payments listed in the app I know weren't made by me. Is there a possibility someone has access to my card? Can you find out what's going on?,cargo_no_reconocido,no,,,cargo_no_reconocido
3524,card_payment_not_recognised,I need to freeze my card as soon as possible. I just checked my account and saw that there have been several payments that I don't recognize over the course of a few days. Can we investigate and get my money back?,cargo_no_reconocido,no,,,cargo_no_reconocido
3525,card_payment_not_recognised,There are some charges that I don't recognize.  It happened days ago.  Can I get these charges back?  Should I cancel my card?,cargo_no_reconocido,no,,,cargo_no_reconocido
3526,card_payment_not_recognised,Please help.  There is a payment in the app that isn't mine.,cargo_no_reconocido,no,,,cargo_no_reconocido
3527,card_payment_not_recognised,I am seeing in the App a payment that its not mine,cargo_no_reconocido,no,,,cargo_no_reconocido
3528,card_payment_not_recognised,There's a payment in the app I don't recognize.,cargo_no_reconocido,no,,,cargo_no_reconocido
3529,card_payment_not_recognised,"Hello, i just checked my statement and there seems to be a payment from my card that I have never seen before.",cargo_no_reconocido,no,,,cargo_no_reconocido
3533,card_payment_not_recognised,There are some card payments that I haven't done myself. What is going on with my card and does somebody else have access to my card?,cargo_no_reconocido,no,,,cargo_no_reconocido
3535,card_payment_not_recognised,I did not do this payment,cargo_no_reconocido,no,,,cargo_no_reconocido
3537,card_payment_not_recognised,"There are charges on my card from the past few day I am pretty sure I didnt make, can you please freeze it for me? How do I get my money returned since it wasnt me?",cargo_no_reconocido,no,,,cargo_no_reconocido
3538,card_payment_not_recognised,I have a payment I didnt make on my account,cargo_no_reconocido,no,,,cargo_no_reconocido
3542,card_payment_not_recognised,I don't recognize this payment at all!  Help!,cargo_no_reconocido,no,,,cargo_no_reconocido
3543,card_payment_not_recognised,There is a record of payment I never submitted on the app.,cargo_no_reconocido,no,,,cargo_no_reconocido
3544,card_payment_not_recognised,I just looked over my statement and I don't recognize the name of a card payment.,cargo_no_reconocido,no,,,cargo_no_reconocido
3546,card_payment_not_recognised,There is a payment on my card that I do not recognize.  I've never seen the name on the transaction before.,cargo_no_reconocido,no,,,cargo_no_reconocido
3547,card_payment_not_recognised,Why do I have a strange payment on my statement?,cargo_no_reconocido,no,,,cargo_no_reconocido
3548,card_payment_not_recognised,i didnt do this charge,cargo_no_reconocido,no,,,cargo_no_reconocido
3549,card_payment_not_recognised,I did not charge my account for that transaction.  That's an error.,cargo_no_reconocido,no,,,cargo_no_reconocido
3550,card_payment_not_recognised,There is a payment that is not mine in the App.,cargo_no_reconocido,no,,,cargo_no_reconocido
3551,card_payment_not_recognised,I see an unfamiliar payment on my statement.,cargo_no_reconocido,no,,,cargo_no_reconocido
3552,card_payment_not_recognised,Why is this payment on my app,cargo_no_reconocido,no,,,cargo_no_reconocido
3555,card_payment_not_recognised,why do I have an unknown payment?,cargo_no_reconocido,no,,,cargo_no_reconocido
3557,card_payment_not_recognised,"I just saw some charges on my card from the past days that I dont recognize, I need to freeze the card asap! Will I be able to get my money back?",cargo_no_reconocido,no,,,cargo_no_reconocido
3558,card_payment_not_recognised,There are a couple of payments with my card shown in the app that I really didn't make myself. What's going on with this?,cargo_no_reconocido,no,,,cargo_no_reconocido
3559,card_payment_not_recognised,Why is there a payment I didn't do in my app?,cargo_no_reconocido,no,,,cargo_no_reconocido
3560,card_payment_not_recognised,I have a payment that I didn't make.,cargo_no_reconocido,no,,,cargo_no_reconocido
3561,card_payment_not_recognised,The app is showing a payment I never made.,cargo_no_reconocido,no,,,cargo_no_reconocido
3563,card_payment_not_recognised,How do I find out how or where this transaction on my account came from?,cargo_no_reconocido,no,,,cargo_no_reconocido
3564,card_payment_not_recognised,I need to figure out who has access to my card there are some payments I didn't make that are showing on the app.  Could you please help?,cargo_no_reconocido,no,,,cargo_no_reconocido
3566,card_payment_not_recognised,I've got charges on my account I did not authorize. Can I get this money back from the last couple of days that it's been coming out? I also need to freeze my card.,cargo_no_reconocido,no,,,cargo_no_reconocido
3567,card_payment_not_recognised,There is a payment made with my card that I don't recognize at all.,cargo_no_reconocido,no,,,cargo_no_reconocido
3568,card_payment_not_recognised,I saw a payment come out of my account for a merchant I don't remember.,cargo_no_reconocido,no,,,cargo_no_reconocido
3572,card_payment_not_recognised,There is a payment on my card that I do not recognize.,cargo_no_reconocido,no,,,cargo_no_reconocido
3575,card_payment_not_recognised,After looking at the app I noticed a couple of payments I know I did not make. Is it possible someone has accessed my card? What is actually going on?,cargo_no_reconocido,no,,,cargo_no_reconocido
3576,card_payment_not_recognised,I do not recongize a payment in my account.,cargo_no_reconocido,no,,,cargo_no_reconocido
3577,card_payment_not_recognised,A payment shows up on the app that I never made.,cargo_no_reconocido,no,,,cargo_no_reconocido
3578,card_payment_not_recognised,I swear that there are 2 payments on the app that I didn't make.  Could my card me stolen?  Please advise what I should do.,cargo_no_reconocido,sí,tarjeta_comprometida,"regla 1: menciona robo/pérdida/clonación/varias compras no hechas (""stolen"")",tarjeta_comprometida
3579,card_payment_not_recognised,Is there any way to know how the transaction got on my account?,cargo_no_reconocido,no,,,cargo_no_reconocido
3580,card_payment_not_recognised,I did not make this payment that I see in the App.,cargo_no_reconocido,no,,,cargo_no_reconocido
3582,card_payment_not_recognised,i disagree with a charge,cargo_no_reconocido,no,,,cargo_no_reconocido
3583,card_payment_not_recognised,I didn't make this payment!,cargo_no_reconocido,no,,,cargo_no_reconocido
3586,card_payment_not_recognised,I don't think I made this payment that is showing up,cargo_no_reconocido,no,,,cargo_no_reconocido
3587,card_payment_not_recognised,I think there's a purchase at a store that I didn't go to.,cargo_no_reconocido,no,,,cargo_no_reconocido
3590,card_payment_not_recognised,"One of my card payments, I don't recognise the name of the merchant.",cargo_no_reconocido,no,,,cargo_no_reconocido
3591,card_payment_not_recognised,"Hello, I noticed there is a payment from my card to a business that I am not familiar with. I definitely did not make this payment.",cargo_no_reconocido,no,,,cargo_no_reconocido
3593,card_payment_not_recognised,I have a card payment that I don't recognize. What should I do?,cargo_no_reconocido,no,,,cargo_no_reconocido
3594,card_payment_not_recognised,There are a couple payments with my card shown that I'm not responsible for. What is going on? Maybe someone has access to my account.,cargo_no_reconocido,no,,,cargo_no_reconocido
3595,card_payment_not_recognised,There is a payment with my card which i definitely did not do.,cargo_no_reconocido,no,,,cargo_no_reconocido
3596,card_payment_not_recognised,My app is displaying a payment I didn't make,cargo_no_reconocido,no,,,cargo_no_reconocido
3597,card_payment_not_recognised,I just checked my account on the App and there is a payment on there that I did not make.,cargo_no_reconocido,no,,,cargo_no_reconocido
3599,card_payment_not_recognised,In the App I see a payment that is not mine.,cargo_no_reconocido,no,,,cargo_no_reconocido
3600,card_payment_not_recognised,There is a payment with my card which i definitely did not make by me .Never seen that it before.,cargo_no_reconocido,no,,,cargo_no_reconocido
3601,card_payment_not_recognised,I didn't make this payment and it's on my app,cargo_no_reconocido,no,,,cargo_no_reconocido
3602,card_payment_not_recognised,Why is there an uknown charge showing on my account?,cargo_no_reconocido,no,,,cargo_no_reconocido
3604,card_payment_not_recognised,I don't think I made this transaction on my statement,cargo_no_reconocido,no,,,cargo_no_reconocido
3605,card_payment_not_recognised,There is a weird payment in my statement.,cargo_no_reconocido,no,,,cargo_no_reconocido
3606,card_payment_not_recognised,A random charge got added to my card,cargo_no_reconocido,no,,,cargo_no_reconocido
3607,card_payment_not_recognised,I need to freeze my card. There are charges on there that i did not authorize. They've been coming out for a couple of days. Can i get this money back?,cargo_no_reconocido,no,,,cargo_no_reconocido
3608,card_payment_not_recognised,I see a strange payment in my account.,cargo_no_reconocido,no,,,cargo_no_reconocido
3609,card_payment_not_recognised,where is my unknown payment from?,cargo_no_reconocido,no,,,cargo_no_reconocido
3610,card_payment_not_recognised,I have just read my statement and there is a payment I don't recognise.,cargo_no_reconocido,no,,,cargo_no_reconocido
3614,card_payment_not_recognised,I didn't do a payment and I have it now.,cargo_no_reconocido,no,,,cargo_no_reconocido
3615,card_payment_not_recognised,how do i dispute a payment I didnt make,cargo_no_reconocido,no,,,cargo_no_reconocido
3617,card_payment_not_recognised,I don't recognize a charge on my statement.,cargo_no_reconocido,no,,,cargo_no_reconocido
3618,card_payment_not_recognised,There is a strange card payment I don't recognise.,cargo_no_reconocido,no,,,cargo_no_reconocido
3619,card_payment_not_recognised,I believe there is a mistake because a payment I didn't make shows in my app.,cargo_no_reconocido,no,,,cargo_no_reconocido
3620,card_payment_not_recognised,There are a couple payments with my card in the app I see that I didn't create. What is happening? Maybe someone gained access to my account.,cargo_no_reconocido,no,,,cargo_no_reconocido
3621,card_payment_not_recognised,I'm not recognizing the card payment.,cargo_no_reconocido,no,,,cargo_no_reconocido
3622,card_payment_not_recognised,There's a card payment with a name I don't recognize,cargo_no_reconocido,no,,,cargo_no_reconocido
3623,card_payment_not_recognised,There is a payment done with my card which i definitely did not do.Never seen that name before.,cargo_no_reconocido,no,,,cargo_no_reconocido
3624,card_payment_not_recognised,Why is there a payment I didn't do?,cargo_no_reconocido,no,,,cargo_no_reconocido
3625,card_payment_not_recognised,Someone else accessed my account and made a payment.,cargo_no_reconocido,no,,,cargo_no_reconocido
3626,card_payment_not_recognised,I have an odd payment in my statement,cargo_no_reconocido,no,,,cargo_no_reconocido
3627,card_payment_not_recognised,There is a fraudulent payment!,cargo_no_reconocido,no,,,cargo_no_reconocido
3628,card_payment_not_recognised,Why is there an unknown card payment?,cargo_no_reconocido,no,,,cargo_no_reconocido
3629,card_payment_not_recognised,I don't recognize this payment,cargo_no_reconocido,no,,,cargo_no_reconocido
3630,card_payment_not_recognised,I need to know where this charge is coming from?,cargo_no_reconocido,no,,,cargo_no_reconocido
3632,card_payment_not_recognised,There is an odd payment in my statement,cargo_no_reconocido,no,,,cargo_no_reconocido
3634,card_payment_not_recognised,I need help with some transactions in my account that I dont recognize or remember purchasing. Im not sure if the name is just different or what. Should my card be put on hold while the issue gets figured out to be safe or is it ok?,cargo_no_reconocido,no,,,cargo_no_reconocido
3635,card_payment_not_recognised,I have a confusing payment appear on my statement and I don't recognise it!,cargo_no_reconocido,no,,,cargo_no_reconocido
3636,card_payment_not_recognised,My statement has a payment that I do not recall making,cargo_no_reconocido,no,,,cargo_no_reconocido
3637,card_payment_not_recognised,I think my card is being used by someone else to make purchases that I didn't authorize! I checked my account and see that there have been quite a few purchases over the last two days that I have no idea where they came from. We need to freeze my card now! And I need to find a way to get my money back.,cargo_no_reconocido,no,,,cargo_no_reconocido
3638,card_payment_not_recognised,"What is this card payment, I do not recognize it.",cargo_no_reconocido,no,,,cargo_no_reconocido
3640,card_payment_not_recognised,What do I do if I see a transaction on my card that I don't recall making?,cargo_no_reconocido,no,,,cargo_no_reconocido
3641,card_payment_not_recognised,There's a payment in the app that I didn't authorize.,cargo_no_reconocido,no,,,cargo_no_reconocido
3643,card_payment_not_recognised,on my statement there is a payment that I don't recognise,cargo_no_reconocido,no,,,cargo_no_reconocido
3644,card_payment_not_recognised,I need to cancel my card.  There are a few charges from a couple days ago that I didn't make.  Can I get credit for these charges?,cargo_no_reconocido,no,,,cargo_no_reconocido
3645,card_payment_not_recognised,It is listed in my app that I made a payment which I did not actually make,cargo_no_reconocido,no,,,cargo_no_reconocido
3646,card_payment_not_recognised,i dont recognize a charge on my card,cargo_no_reconocido,no,,,cargo_no_reconocido
3647,card_payment_not_recognised,There are a couple of payments with my card shown in the app that I really didn't make myself. Why is it happened?,cargo_no_reconocido,no,,,cargo_no_reconocido
3648,card_payment_not_recognised,A payment that I didn't make appears in my app.,cargo_no_reconocido,no,,,cargo_no_reconocido
3649,card_payment_not_recognised,There is a card payment that I'm not recognizing.,cargo_no_reconocido,no,,,cargo_no_reconocido
3705,edit_personal_details,How to edit personal details?,fuera_de_alcance,no,,,fuera_de_alcance
3755,edit_personal_details,Can I edit my personal details?,fuera_de_alcance,no,,,fuera_de_alcance
3758,edit_personal_details,Can I edit my details?,fuera_de_alcance,no,,,fuera_de_alcance
3826,why_verify_identity,Why do you need to know so much about me for my account?,fuera_de_alcance,no,,,fuera_de_alcance
3876,why_verify_identity,"I'm waiting for the ID verification to go through still, so is it too soon to use my account?",fuera_de_alcance,no,,,fuera_de_alcance
3879,why_verify_identity,Why do you need so much id info from me?,fuera_de_alcance,no,,,fuera_de_alcance
3911,unable_to_verify_identity,I can't upload my identification.,fuera_de_alcance,no,,,fuera_de_alcance
3973,unable_to_verify_identity,Why am I unable verify my id?,fuera_de_alcance,no,,,fuera_de_alcance
3988,unable_to_verify_identity,Help me verify my identity.,fuera_de_alcance,no,,,fuera_de_alcance
4013,get_physical_card,How do I find my PIN?,fuera_de_alcance,no,,,fuera_de_alcance
4021,get_physical_card,I cannot see the card PIN anywhere?,fuera_de_alcance,no,,,fuera_de_alcance
4039,get_physical_card,I haven't received the PIN yet.,fuera_de_alcance,no,,,fuera_de_alcance
4091,get_physical_card,How do I get started when I get my card?,fuera_de_alcance,no,,,fuera_de_alcance
4201,visa_or_mastercard,Could I get a mastercard if that's reasonable?,fuera_de_alcance,no,,,fuera_de_alcance
4227,visa_or_mastercard,Will you guys do Visa or Mastercard?,fuera_de_alcance,no,,,fuera_de_alcance
4254,topping_up_by_card,Is it possible to top up by card?,fuera_de_alcance,no,,,fuera_de_alcance
4317,topping_up_by_card,How do I go about transferring money using my credit card?,fuera_de_alcance,no,,,fuera_de_alcance
4332,topping_up_by_card,I topped up my account but the money isn't there now.,fuera_de_alcance,no,,,fuera_de_alcance
4393,disposable_card_limits,How many transactions can I do with my disposable card?,fuera_de_alcance,no,,,fuera_de_alcance
4443,disposable_card_limits,I must make several disposable cards per day.,fuera_de_alcance,no,,,fuera_de_alcance
4446,disposable_card_limits,I have to make more then a few disposable cards per day.,fuera_de_alcance,no,,,fuera_de_alcance
4459,compromised_card,I think someone is using my card without my permission!,tarjeta_comprometida,no,,,tarjeta_comprometida
4460,compromised_card,What do I do if I detect fraudulent use on my car?,tarjeta_comprometida,no,,,tarjeta_comprometida
4461,compromised_card,I think my account has been hacked there are charges on there I don't recognize.,tarjeta_comprometida,no,,,tarjeta_comprometida
4462,compromised_card,I don't recognize some transactions.  Is someone else using it?,tarjeta_comprometida,no,,,tarjeta_comprometida
4463,compromised_card,I just got an email in confirming my purchase with my card. I login to the mobile app on the card and found out there are several purchase were made without me aware of it. Evidently someone had stole my card information and made these fraudulent purchase. I need the transaction to be reverse and have my card suspended.,tarjeta_comprometida,no,,,tarjeta_comprometida
4464,compromised_card,How do I stop fraud to my account?,tarjeta_comprometida,no,,,tarjeta_comprometida
4465,compromised_card,card is being used by someone else,tarjeta_comprometida,no,,,tarjeta_comprometida
4466,compromised_card,I think someone else is using my card.,tarjeta_comprometida,no,,,tarjeta_comprometida
4467,compromised_card,Someone might be using my card that is not me.,tarjeta_comprometida,no,,,tarjeta_comprometida
4468,compromised_card,There are strange transactions on my account.  What should I do if I think someone stole my details?,tarjeta_comprometida,no,,,tarjeta_comprometida
4469,compromised_card,I sees some suspicious spending on my credit card that I don't recall I had made. What should I do?,tarjeta_comprometida,no,,,tarjeta_comprometida
4470,compromised_card,"It looks like someone besides me ordered something with my card, what should I do?",tarjeta_comprometida,no,,,tarjeta_comprometida
4471,compromised_card,There are charges on my card that I haven't purchased.,tarjeta_comprometida,no,,,tarjeta_comprometida
4472,compromised_card,Someone might be using my card.  What should I do?,tarjeta_comprometida,no,,,tarjeta_comprometida
4473,compromised_card,I suspect someone used my card.,tarjeta_comprometida,no,,,tarjeta_comprometida
4474,compromised_card,Please tell me how you can stop unauthorized payments from being made on my card since on this bill I see that this has happened. There are transactions that I never made from a place I've never been to.,tarjeta_comprometida,no,,,tarjeta_comprometida
4475,compromised_card,I think that somebody is utilizing my card without my authorization!,tarjeta_comprometida,no,,,tarjeta_comprometida
4476,compromised_card,"There are a few transaction that I don't recognize, I think someone managed to get my card details and use it.
",tarjeta_comprometida,no,,,tarjeta_comprometida
4477,compromised_card,Someone has been using my card. There are unfamiliar transactions on there. Can you freeze the card to keep this from happening?,tarjeta_comprometida,no,,,tarjeta_comprometida
4478,compromised_card,What can I do if my card details where stolen from my car? I think they used my card to buy gas.,tarjeta_comprometida,no,,,tarjeta_comprometida
4479,compromised_card,I want to cancel my card. I think someone else is using it.,tarjeta_comprometida,no,,,tarjeta_comprometida
4480,compromised_card,"I can't be sure, but I think that someone may be using my card.",tarjeta_comprometida,no,,,tarjeta_comprometida
4481,compromised_card,What should I do if I think someone is using my card without my permission?,tarjeta_comprometida,no,,,tarjeta_comprometida
4482,compromised_card,I believe that someone is using my card without my knowledge!,tarjeta_comprometida,no,,,tarjeta_comprometida
4483,compromised_card,There is unusual activity on my account and I believe someone took my card.,tarjeta_comprometida,no,,,tarjeta_comprometida
4484,compromised_card,Someone must have found my card details as I don't recognize these transactions.,tarjeta_comprometida,sí,fuera_de_alcance,tarjeta recuperada o trámite sin robo/pérdida activa,tarjeta_comprometida
4485,compromised_card,Should I order a new card before I freeze my original one?,tarjeta_comprometida,no,,,tarjeta_comprometida
4486,compromised_card,"I think that someone may be using my card, but I'm not sure,.",tarjeta_comprometida,no,,,tarjeta_comprometida
4487,compromised_card,I think someone has hacked my card!,tarjeta_comprometida,no,,,tarjeta_comprometida
4488,compromised_card,My card has been compromised. I see a bunch of online shopping charges that I didn't make. I need to freeze it immediately.,tarjeta_comprometida,no,,,tarjeta_comprometida
4489,compromised_card,I think my card has been used by somebody else since I was never in the little town where some transactions on this bill have come from. Please stop this right away.,tarjeta_comprometida,no,,,tarjeta_comprometida
4490,compromised_card,am suspicious of my card's security,tarjeta_comprometida,no,,,tarjeta_comprometida
4491,compromised_card,"Someone is making transactions on my account, I think they took my card information.",tarjeta_comprometida,no,,,tarjeta_comprometida
4492,compromised_card,I think someone stole my card number and brought stuff in different places that I have never been to. I need to suspend any further purchase on my credit card.,tarjeta_comprometida,no,,,tarjeta_comprometida
4493,compromised_card,There's a possibility that my card was compromised.,tarjeta_comprometida,no,,,tarjeta_comprometida
4494,compromised_card,What should I do if I think there are unauthorized transactions?,tarjeta_comprometida,no,,,tarjeta_comprometida
4495,compromised_card,How do I stop fraud to my card?,tarjeta_comprometida,no,,,tarjeta_comprometida
4496,compromised_card,am afraid someone may have gained access to the info on my card.,tarjeta_comprometida,no,,,tarjeta_comprometida
4497,compromised_card,My statement shows charges for things I never purchased. Were my account details stolen?,tarjeta_comprometida,no,,,tarjeta_comprometida
4498,compromised_card,What should I do if someone else used my card?,tarjeta_comprometida,no,,,tarjeta_comprometida
4499,compromised_card,What steps can I take if someone else is using my card?,tarjeta_comprometida,no,,,tarjeta_comprometida
4500,compromised_card,Someone might have had access to my card.,tarjeta_comprometida,no,,,tarjeta_comprometida
4501,compromised_card,What should I do if I think someone stole my details and used my information to make some transactions?,tarjeta_comprometida,no,,,tarjeta_comprometida
4502,compromised_card,I am not sure but someone else might be using my card,tarjeta_comprometida,no,,,tarjeta_comprometida
4503,compromised_card,What to do if my card has been used without my permission?,tarjeta_comprometida,no,,,tarjeta_comprometida
4504,compromised_card,Someone used my card without my permission.,tarjeta_comprometida,no,,,tarjeta_comprometida
4505,compromised_card,think someone is using my card with permission,tarjeta_comprometida,no,,,tarjeta_comprometida
4506,compromised_card,I see some transactions that I don't recognize.  I think someone stole my details.,tarjeta_comprometida,no,,,tarjeta_comprometida
4507,compromised_card,How can I tell if someone else is using my card?,tarjeta_comprometida,no,,,tarjeta_comprometida
4508,compromised_card,What do I do if I believe to be a victim of credit card fraud?,tarjeta_comprometida,no,,,tarjeta_comprometida
4509,compromised_card,"My card info was stolen, what do I do?",tarjeta_comprometida,no,,,tarjeta_comprometida
4510,compromised_card,"i didnt make these transactions, i think my card details might be stolen",tarjeta_comprometida,no,,,tarjeta_comprometida
4511,compromised_card,I have transactions that I don't recognize - I think someone is using my card.,tarjeta_comprometida,no,,,tarjeta_comprometida
4512,compromised_card,"my card details could be stolen, as i didnt make these transactions",tarjeta_comprometida,no,,,tarjeta_comprometida
4513,compromised_card,What do I do if someone used my card without my permission?,tarjeta_comprometida,no,,,tarjeta_comprometida
4514,compromised_card,There are transactions that I don't recognize. What do I do if I think someone is using my card?,tarjeta_comprometida,no,,,tarjeta_comprometida
4515,compromised_card,"Can you check about unauthorized use of my card, I think someone is using mine without my knowledge?",tarjeta_comprometida,no,,,tarjeta_comprometida
4516,compromised_card,I noticed my card was used in a small town that I have never been to. Can you stop the card from being used more?,tarjeta_comprometida,no,,,tarjeta_comprometida
4517,compromised_card,"I froze my account, but how do I order a replacement card?",tarjeta_comprometida,no,,,tarjeta_comprometida
4518,compromised_card,What do I do if I think someone has used my card?,tarjeta_comprometida,no,,,tarjeta_comprometida
4519,compromised_card,My card was stolen and used to make several purchases. Please freeze my card so no one can use it.,tarjeta_comprometida,no,,,tarjeta_comprometida
4520,compromised_card,"There are transactions that I don't remember making, i think someone might have gotten my card details and is now using it.",tarjeta_comprometida,no,,,tarjeta_comprometida
4521,compromised_card,My card information seems to have been stolen! I don't know where these transactions came from and I've never even been to the city where they were made. I need my card blocked ASAP so this person can't keep using my card.,tarjeta_comprometida,no,,,tarjeta_comprometida
4522,compromised_card,"My card was used without my permission, what do I do?",tarjeta_comprometida,no,,,tarjeta_comprometida
4523,compromised_card,What do I do if I think someone has used my card without permission? I can see a few transactions I don't recognize.,tarjeta_comprometida,no,,,tarjeta_comprometida
4524,compromised_card,Questionable transactions on my account.,tarjeta_comprometida,no,,,tarjeta_comprometida
4525,compromised_card,I have some transactions on my account I did not make. Can you cancel my card and prevent further use.,tarjeta_comprometida,no,,,tarjeta_comprometida
4526,compromised_card,Someone besides me might be using my card.,tarjeta_comprometida,no,,,tarjeta_comprometida
4527,compromised_card,Someone hacked into my cards account.,tarjeta_comprometida,no,,,tarjeta_comprometida
4528,compromised_card,How do I report fraud on my card?,tarjeta_comprometida,no,,,tarjeta_comprometida
4529,compromised_card,How do I report possible fraudulent activity on my account?,tarjeta_comprometida,no,,,tarjeta_comprometida
4530,compromised_card,Someone else might be using my card without my permission.,tarjeta_comprometida,no,,,tarjeta_comprometida
4531,compromised_card,My card must have used my card as there are some transactions that I haven't done myself..,tarjeta_comprometida,no,,,tarjeta_comprometida
4532,compromised_card,How do I order a replacement for stolen card?,tarjeta_comprometida,no,,,tarjeta_comprometida
4533,compromised_card,"i dont recognise some of these transactions, i think someone has my card details",tarjeta_comprometida,no,,,tarjeta_comprometida
4534,compromised_card,Somebody used my card without my knowledge!,tarjeta_comprometida,no,,,tarjeta_comprometida
4535,compromised_card,I think my card has been compromised in some way.,tarjeta_comprometida,no,,,tarjeta_comprometida
4536,compromised_card,What should I do if I think that someone might be using me card?,tarjeta_comprometida,no,,,tarjeta_comprometida
4537,compromised_card,"I might be paranoid, but someone may be using my card.",tarjeta_comprometida,no,,,tarjeta_comprometida
4538,compromised_card,My wallet was stolen and all my credit cards were in there.  HELP?!!?,tarjeta_comprometida,no,,,tarjeta_comprometida
4539,compromised_card,There are fraudulent charges that I didn't make on my card. Can you please put in the safeguards necessary to stop this from happening anymore?,tarjeta_comprometida,no,,,tarjeta_comprometida
4540,compromised_card,The card has suffered a security breach.,tarjeta_comprometida,no,,,tarjeta_comprometida
4541,compromised_card,My card data has been exposed.,tarjeta_comprometida,no,,,tarjeta_comprometida
4542,compromised_card,"There are transactions that I did not make on my account, I think someone has my information.",tarjeta_comprometida,no,,,tarjeta_comprometida
4543,compromised_card,I think someone may be using my card.,tarjeta_comprometida,no,,,tarjeta_comprometida
4544,compromised_card,I didn't make these transactions. Is someone else using my card?,tarjeta_comprometida,no,,,tarjeta_comprometida
4563,atm_support,Are there specific ATM's that I can draw money from?,fuera_de_alcance,no,,,fuera_de_alcance
4581,atm_support,Where can I get money from my card?,fuera_de_alcance,no,,,fuera_de_alcance
4587,atm_support,What ATMs can I use this card?,fuera_de_alcance,no,,,fuera_de_alcance
4632,direct_debit_payment_not_recognised,"Hi, i found a large amount payment in my old statements which i am sure was not made by me. I am aware that the time has passed but is there a way to raise a dispute for this payment now?",cargo_no_reconocido,no,,,cargo_no_reconocido
4634,direct_debit_payment_not_recognised,Please help my find out why there is an odd direct debit in my records.,cargo_no_reconocido,no,,,cargo_no_reconocido
4635,direct_debit_payment_not_recognised,I am seeing in the App a diret debit that its not mine,cargo_no_reconocido,no,,,cargo_no_reconocido
4636,direct_debit_payment_not_recognised,There is a direct debit payment that I did not make.,cargo_no_reconocido,no,,,cargo_no_reconocido
4637,direct_debit_payment_not_recognised,There is a strange charge on my debit statement,cargo_no_reconocido,no,,,cargo_no_reconocido
4638,direct_debit_payment_not_recognised,There is a Direct Debit that looks suspicious.,cargo_no_reconocido,no,,,cargo_no_reconocido
4641,direct_debit_payment_not_recognised,A direct debit payment that I didn't authorise shows up in my app.,cargo_no_reconocido,no,,,cargo_no_reconocido
4642,direct_debit_payment_not_recognised,My app is showing a payment that I know I did not do. Can you please cancel that transaction and credit my account please?,cargo_no_reconocido,no,,,cargo_no_reconocido
4643,direct_debit_payment_not_recognised,i would like to dispute a direct debit payment,cargo_no_reconocido,no,,,cargo_no_reconocido
4644,direct_debit_payment_not_recognised,Is it possible to dispute a debit payment from a couple of months ago.,cargo_no_reconocido,no,,,cargo_no_reconocido
4647,direct_debit_payment_not_recognised,A false direct debit payment is showing in my app,cargo_no_reconocido,no,,,cargo_no_reconocido
4648,direct_debit_payment_not_recognised,I do not understand what this particular direct debit is ?,cargo_no_reconocido,no,,,cargo_no_reconocido
4650,direct_debit_payment_not_recognised,Please tell me what this direct debit in my statement is,cargo_no_reconocido,no,,,cargo_no_reconocido
4651,direct_debit_payment_not_recognised,what is this charge on my card?,cargo_no_reconocido,no,,,cargo_no_reconocido
4654,direct_debit_payment_not_recognised,There is a mysterious debit transaction on my statement,cargo_no_reconocido,no,,,cargo_no_reconocido
4655,direct_debit_payment_not_recognised,what is the matter?,cargo_no_reconocido,no,,,cargo_no_reconocido
4656,direct_debit_payment_not_recognised,My account shows I made a debit payment to someone that I can't recall and would like to find out who the payment was made to.,cargo_no_reconocido,no,,,cargo_no_reconocido
4657,direct_debit_payment_not_recognised,I don't recognize the direct debit payment from the app.,cargo_no_reconocido,no,,,cargo_no_reconocido
4658,direct_debit_payment_not_recognised,I need a refund on a direct debit that shows in the app because I did not make it.,cargo_no_reconocido,no,,,cargo_no_reconocido
4659,direct_debit_payment_not_recognised,"hey, I think someone stole my card numbers. There is a purchase showing up on my app from a store pretty far away from me.. I really need that money back to pay my rent.",cargo_no_reconocido,sí,tarjeta_comprometida,"regla 1: menciona robo/pérdida/clonación/varias compras no hechas (""stole"")",tarjeta_comprometida
4660,direct_debit_payment_not_recognised,I was just going over my transactions for the past couple of months and noticed a large type charge that I know I did not make. Even though it's been a while can I please still dispute this?,cargo_no_reconocido,no,,,cargo_no_reconocido
4661,direct_debit_payment_not_recognised,There was a charge made on my card from a couple weeks ago and I don't remember making the purchase. Nor do I remember the company itself. Can we trace this at all to confirm if I did it or not?,cargo_no_reconocido,no,,,cargo_no_reconocido
4662,direct_debit_payment_not_recognised,There is a direct debit payment I don't recognize.,cargo_no_reconocido,no,,,cargo_no_reconocido
4663,direct_debit_payment_not_recognised,What is this direct debit in my statement?,cargo_no_reconocido,no,,,cargo_no_reconocido
4664,direct_debit_payment_not_recognised,This debit is not my transcation. How do I get my money out back?,cargo_no_reconocido,no,,,cargo_no_reconocido
4665,direct_debit_payment_not_recognised,How can I get my money back for a payment i didnt make,cargo_no_reconocido,no,,,cargo_no_reconocido
4667,direct_debit_payment_not_recognised,A direct debit appears in the app but I didn't authorize it.,cargo_no_reconocido,no,,,cargo_no_reconocido
4668,direct_debit_payment_not_recognised,I'm seeing a direct debit payment that is not me.,cargo_no_reconocido,no,,,cargo_no_reconocido
4670,direct_debit_payment_not_recognised,Could I raise a dispute for a large payment that i found out was not done by me in my couple of last statements? I am aware its delayed now. Please help me out.,cargo_no_reconocido,no,,,cargo_no_reconocido
4671,direct_debit_payment_not_recognised,I don't know where a direct debit payment came from,cargo_no_reconocido,no,,,cargo_no_reconocido
4672,direct_debit_payment_not_recognised,Who do I contact if there is a direct debit that I did not create.,cargo_no_reconocido,no,,,cargo_no_reconocido
4673,direct_debit_payment_not_recognised,There was a direct debit from my account and I didn't authorise it,cargo_no_reconocido,no,,,cargo_no_reconocido
4674,direct_debit_payment_not_recognised,"I'm checking my statements and I saw a purchase from a couple weeks ago that I don't recall at all. Not only that, but I don't even know the business that charged it. I'm not sure if I did it or not, but can we check it and see if we can trace it back to make certain?",cargo_no_reconocido,no,,,cargo_no_reconocido
4675,direct_debit_payment_not_recognised,I don't recognise a Direct Debit payment,cargo_no_reconocido,no,,,cargo_no_reconocido
4676,direct_debit_payment_not_recognised,There is a direct debit transaction on my statement that I think is not mine. How do I remove?,cargo_no_reconocido,no,,,cargo_no_reconocido
4677,direct_debit_payment_not_recognised,there is a debit i dont recognize,cargo_no_reconocido,no,,,cargo_no_reconocido
4678,direct_debit_payment_not_recognised,There are automatic debits on my account that I did not make.,cargo_no_reconocido,no,,,cargo_no_reconocido
4679,direct_debit_payment_not_recognised,I may need to dispute a Direct Debit payment.,cargo_no_reconocido,no,,,cargo_no_reconocido
4681,direct_debit_payment_not_recognised,There is a direct debit fee in the App that I didn't do.,cargo_no_reconocido,no,,,cargo_no_reconocido
4683,direct_debit_payment_not_recognised,I did not set up a direct debit I have,cargo_no_reconocido,no,,,cargo_no_reconocido
4685,direct_debit_payment_not_recognised,There is a direct debit transaction that I did not authorize,cargo_no_reconocido,no,,,cargo_no_reconocido
4687,direct_debit_payment_not_recognised,I am seeing a direct debit I wasn't aware of.,cargo_no_reconocido,no,,,cargo_no_reconocido
4688,direct_debit_payment_not_recognised,I found a charge on my debit that I did not make.,cargo_no_reconocido,no,,,cargo_no_reconocido
4692,direct_debit_payment_not_recognised,"I have an unknown debit charge in my statement, why?",cargo_no_reconocido,no,,,cargo_no_reconocido
4693,direct_debit_payment_not_recognised,"I just noticed that I supposedly made a payment to a seller a while back. The problem is, I don't recognize the seller. There must be a way to see who it is or track the payment. Can you do that, because I don't remember this transaction?",cargo_no_reconocido,no,,,cargo_no_reconocido
4694,direct_debit_payment_not_recognised,"In my app, a direct debit payment that I didn't do shows up.",cargo_no_reconocido,no,,,cargo_no_reconocido
4696,direct_debit_payment_not_recognised,I see a direct debit that isn't mine? How can I get my money back?,cargo_no_reconocido,no,,,cargo_no_reconocido
4697,direct_debit_payment_not_recognised,My account statements show a debit payment that I didn't make it's from some time ago I need to know if it is disputable.,cargo_no_reconocido,no,,,cargo_no_reconocido
4698,direct_debit_payment_not_recognised,There is a debit transaction on my statement that I did not make,cargo_no_reconocido,no,,,cargo_no_reconocido
4699,direct_debit_payment_not_recognised,There is a direct debit payment on my account that I didn't authorize.,cargo_no_reconocido,no,,,cargo_no_reconocido
4700,direct_debit_payment_not_recognised,I didn't set up the direct debit I have,cargo_no_reconocido,no,,,cargo_no_reconocido
4701,direct_debit_payment_not_recognised,What do I do if I find a debit charge that I know I didn't do in my billing statement?,cargo_no_reconocido,no,,,cargo_no_reconocido
4702,direct_debit_payment_not_recognised,i do not know what this charge is for,cargo_no_reconocido,no,,,cargo_no_reconocido
4705,direct_debit_payment_not_recognised,There is a direct debit charge on my account that I don't recognize.,cargo_no_reconocido,no,,,cargo_no_reconocido
4707,direct_debit_payment_not_recognised,Someone else charged my card!,cargo_no_reconocido,no,,,cargo_no_reconocido
4708,direct_debit_payment_not_recognised,"Am I able to look back at a transaction to see who with drawled some money from my account? I don't remember authorizing this a few weeks ago, but wanted to double check who took the money.",cargo_no_reconocido,sí,cobro_incorrecto,"regla 3: habla de cobro mal hecho (""double""), puede que sí reconozca el comercio",cargo_no_reconocido
4709,direct_debit_payment_not_recognised,How do I dispute a direct debit on my account?,cargo_no_reconocido,no,,,cargo_no_reconocido
4710,direct_debit_payment_not_recognised,I did not make a direct debit payment as listed on my app,cargo_no_reconocido,no,,,cargo_no_reconocido
4711,direct_debit_payment_not_recognised,There's a direct debit payment that I don't recognize.,cargo_no_reconocido,no,,,cargo_no_reconocido
4713,direct_debit_payment_not_recognised,I don't know where this debit transaction on my statement came from.,cargo_no_reconocido,no,,,cargo_no_reconocido
4714,direct_debit_payment_not_recognised,The app is showing a direct debit transaction that I did not perform,cargo_no_reconocido,no,,,cargo_no_reconocido
4716,direct_debit_payment_not_recognised,"I was checking the app for my account and I noticed there is an authorized charge on it.  I haven't used my card today, so I know I didn't do it.  I would like the transaction reversed and the money replaced.",cargo_no_reconocido,no,,,cargo_no_reconocido
4717,direct_debit_payment_not_recognised,I want a refund on a direct debit.,cargo_no_reconocido,no,,,cargo_no_reconocido
4718,direct_debit_payment_not_recognised,"Hi, i was checking my old statements and found a discrepancy with a large amount transaction. I am sure it was not done by me. Please let me know if i could raise a dispute as its very late.",cargo_no_reconocido,no,,,cargo_no_reconocido
4722,direct_debit_payment_not_recognised,I see a direct debit transaction in my app that I didn't make.,cargo_no_reconocido,no,,,cargo_no_reconocido
4725,direct_debit_payment_not_recognised,How do I dispute a direct debit transaction?,cargo_no_reconocido,no,,,cargo_no_reconocido
4726,direct_debit_payment_not_recognised,"I notice a transaction a couple of weeks ago in my account, from a seller that I don't recognize. Is there a way we can trace back the information to make sure it was truly something I did?",cargo_no_reconocido,no,,,cargo_no_reconocido
4727,direct_debit_payment_not_recognised,what is this charge i didnt do it what can i do,cargo_no_reconocido,no,,,cargo_no_reconocido
4728,direct_debit_payment_not_recognised,I have a direct debit on my records that is strange and I need help.,cargo_no_reconocido,no,,,cargo_no_reconocido
4729,direct_debit_payment_not_recognised,I would like to dispute a payment I didnt make,cargo_no_reconocido,no,,,cargo_no_reconocido
4730,direct_debit_payment_not_recognised,I found a direct debit I would like to dispute,cargo_no_reconocido,no,,,cargo_no_reconocido
4732,direct_debit_payment_not_recognised,There is a direct debit patentp that I haven't authorized.,cargo_no_reconocido,no,,,cargo_no_reconocido
4733,direct_debit_payment_not_recognised,I can't recognise this Direct Debit payment.,cargo_no_reconocido,no,,,cargo_no_reconocido
4736,direct_debit_payment_not_recognised,Why is there a direct debit set up in my name?,cargo_no_reconocido,no,,,cargo_no_reconocido
4737,direct_debit_payment_not_recognised,I don't recognize this debit transaction in my billing statement?,cargo_no_reconocido,no,,,cargo_no_reconocido
4740,direct_debit_payment_not_recognised,My account shows a direct debit charge that I have never seen before,cargo_no_reconocido,no,,,cargo_no_reconocido
4741,direct_debit_payment_not_recognised,I might have been charged on my debit statement by fraud.,cargo_no_reconocido,sí,tarjeta_comprometida,"regla 1: menciona robo/pérdida/clonación/varias compras no hechas (""fraud"")",cargo_no_reconocido
4743,direct_debit_payment_not_recognised,I am not recognizing a debit payment from my account.,cargo_no_reconocido,no,,,cargo_no_reconocido
4744,direct_debit_payment_not_recognised,I have a direct debit that I did not set up,cargo_no_reconocido,no,,,cargo_no_reconocido
4745,direct_debit_payment_not_recognised,I have gone through my statements and noticed there is a large payment that I did not make. Can i still dispute the payment? its been a while,cargo_no_reconocido,no,,,cargo_no_reconocido
4746,direct_debit_payment_not_recognised,I see a charge for a direct debit that was not me.,cargo_no_reconocido,no,,,cargo_no_reconocido
4747,direct_debit_payment_not_recognised,There was a strange transaction made on my account a couple weeks ago by a seller I don't recognize. May you please check on this transaction for me.,cargo_no_reconocido,no,,,cargo_no_reconocido
4749,direct_debit_payment_not_recognised,I have a direct debit I didn't set up,cargo_no_reconocido,no,,,cargo_no_reconocido
4750,direct_debit_payment_not_recognised,Help!  In the app there is a direct debit that I don't remember.,cargo_no_reconocido,no,,,cargo_no_reconocido
4751,direct_debit_payment_not_recognised,Please help me regarding a direct debit in the app that I don't recognize.,cargo_no_reconocido,no,,,cargo_no_reconocido
4752,direct_debit_payment_not_recognised,how do i get a refund for a direct debit payment i didn't make,cargo_no_reconocido,no,,,cargo_no_reconocido
4754,direct_debit_payment_not_recognised,I think I was charged by mistake on my debit statement.,cargo_no_reconocido,no,,,cargo_no_reconocido
4755,direct_debit_payment_not_recognised,Purchases I did not make are appearing in my bank statement?,cargo_no_reconocido,no,,,cargo_no_reconocido
4756,direct_debit_payment_not_recognised,"On my app I can see that a direct debit payment that I didn't do, appears.",cargo_no_reconocido,no,,,cargo_no_reconocido
4757,direct_debit_payment_not_recognised,There's a payment showing in the app today even though I have not used my card at all. I want a refund.,cargo_no_reconocido,no,,,cargo_no_reconocido
4758,direct_debit_payment_not_recognised,Unusual direct deposit,cargo_no_reconocido,no,,,cargo_no_reconocido
4759,direct_debit_payment_not_recognised,I didn't make the direct debit payment on my account.,cargo_no_reconocido,no,,,cargo_no_reconocido
4760,direct_debit_payment_not_recognised,People are using my debit card - help!,cargo_no_reconocido,no,,,cargo_no_reconocido
4764,direct_debit_payment_not_recognised,I have an unauthorized direct debit on my account,cargo_no_reconocido,no,,,cargo_no_reconocido
4765,direct_debit_payment_not_recognised,I have an unknown charge.,cargo_no_reconocido,no,,,cargo_no_reconocido
4767,direct_debit_payment_not_recognised,There is a payment showing that I know I didn't make. I didn't use my card that day and I'm sure of it. Can you please cancel that transaction and return my money? Thankyou,cargo_no_reconocido,no,,,cargo_no_reconocido
4768,direct_debit_payment_not_recognised,after going over my transactions for the last couple of months I noticed a pretty large charge that I know I did not make. I know it's been a while but can I still dispute this charge?,cargo_no_reconocido,no,,,cargo_no_reconocido
4769,direct_debit_payment_not_recognised,Someone else made a Direct Debit transaction on my account,cargo_no_reconocido,no,,,cargo_no_reconocido
4770,direct_debit_payment_not_recognised,How can I dispute a direct debit charge on my account?,cargo_no_reconocido,no,,,cargo_no_reconocido
4771,direct_debit_payment_not_recognised,I have a direct debit I didn't make,cargo_no_reconocido,no,,,cargo_no_reconocido
4772,direct_debit_payment_not_recognised,I have an unauthorized charge.,cargo_no_reconocido,no,,,cargo_no_reconocido
4773,direct_debit_payment_not_recognised,A debit came through that I need to dispute.,cargo_no_reconocido,no,,,cargo_no_reconocido
4774,direct_debit_payment_not_recognised,There is a payment in my app that I did not make.  I have not used that card all day  Please reimburse my money.,cargo_no_reconocido,no,,,cargo_no_reconocido
4775,direct_debit_payment_not_recognised,I don't know what this Direct Debit payment is.,cargo_no_reconocido,no,,,cargo_no_reconocido
4776,direct_debit_payment_not_recognised,I see a direct debit payment on my app that I did not do,cargo_no_reconocido,no,,,cargo_no_reconocido
4777,direct_debit_payment_not_recognised,How do I get a refund for an unauthorized direct debit payment?,cargo_no_reconocido,no,,,cargo_no_reconocido
4778,direct_debit_payment_not_recognised,There was a direct debit I don't recognize.,cargo_no_reconocido,no,,,cargo_no_reconocido
4779,direct_debit_payment_not_recognised,I see an unfamiliar Direct Debit payment.,cargo_no_reconocido,no,,,cargo_no_reconocido
4780,direct_debit_payment_not_recognised,In the app I see a direct debit that I don't recognize.,cargo_no_reconocido,no,,,cargo_no_reconocido
4782,direct_debit_payment_not_recognised,Can I dispute a debit payment that I am seeing that I didn't make from a couple of months ago?,cargo_no_reconocido,no,,,cargo_no_reconocido
4784,direct_debit_payment_not_recognised,"There is a direct debit charge that I don't recognize, what can I do?",cargo_no_reconocido,no,,,cargo_no_reconocido
4785,direct_debit_payment_not_recognised,"I have not used my card all day, however, there is an unusual payment showing in my app.  I would like to have that amount reimbursed.",cargo_no_reconocido,no,,,cargo_no_reconocido
4786,direct_debit_payment_not_recognised,I don't know what this Direct Debit payment on my account is for.,cargo_no_reconocido,no,,,cargo_no_reconocido
4787,direct_debit_payment_not_recognised,There is a direct debit charge on my account that is not mine.,cargo_no_reconocido,no,,,cargo_no_reconocido
4788,direct_debit_payment_not_recognised,I see a direct debit transaction in the app that is not mine,cargo_no_reconocido,no,,,cargo_no_reconocido
4790,direct_debit_payment_not_recognised,I didn't initiate a direct debit that I see on my account,cargo_no_reconocido,no,,,cargo_no_reconocido
4791,direct_debit_payment_not_recognised,Why is there a direct debit fee in the App when I didn't do it?,cargo_no_reconocido,no,,,cargo_no_reconocido
4793,direct_debit_payment_not_recognised,A couple weeks ago there was a debit taken from my account from a transaction I don't recall. Is it possible to trace this transaction to make sure I'm not being scammed?,cargo_no_reconocido,no,,,cargo_no_reconocido
4794,direct_debit_payment_not_recognised,What should I do about a direct debit that I did not set up?,cargo_no_reconocido,no,,,cargo_no_reconocido
4795,direct_debit_payment_not_recognised,There was a direct debit transaction I have don't think should be there.,cargo_no_reconocido,no,,,cargo_no_reconocido
4796,direct_debit_payment_not_recognised,I just found a payment from a while back in my account that I didn't make.  Can I still dispute it even though it was a couple of months ago?,cargo_no_reconocido,no,,,cargo_no_reconocido
4797,direct_debit_payment_not_recognised,I do not recognize a direct debit payment that I see on my app,cargo_no_reconocido,no,,,cargo_no_reconocido
4799,direct_debit_payment_not_recognised,"In my app, a direct debit payment I didn't do shows in my app",cargo_no_reconocido,no,,,cargo_no_reconocido
4800,direct_debit_payment_not_recognised,My accounts been charged a payment for something I didn't make.,cargo_no_reconocido,no,,,cargo_no_reconocido
4802,direct_debit_payment_not_recognised,I see a direct debit charge that I did not approve,cargo_no_reconocido,no,,,cargo_no_reconocido
4803,direct_debit_payment_not_recognised,The app shows Direct Debit payments that I didn't make,cargo_no_reconocido,no,,,cargo_no_reconocido
4804,direct_debit_payment_not_recognised,I have an unknown direct debit payment on my account,cargo_no_reconocido,no,,,cargo_no_reconocido
4805,direct_debit_payment_not_recognised,"There is a direct debit that I didn't set up, what should I do?",cargo_no_reconocido,no,,,cargo_no_reconocido
4807,direct_debit_payment_not_recognised,"I know this very late, but I just went through my statements from the last couple months and there's one quite large-ish payment that I definitely haven't made. Is it still possible to dispute it?",cargo_no_reconocido,no,,,cargo_no_reconocido
4808,direct_debit_payment_not_recognised,I checked my account and see that funds were deducted from a seller I didn't approve of. Can you help me understand?,cargo_no_reconocido,no,,,cargo_no_reconocido
4809,direct_debit_payment_not_recognised,There is a transaction showing in my app that I did not make as I have not used that card all day.  Please reimburse this amount to my account.,cargo_no_reconocido,no,,,cargo_no_reconocido
4810,direct_debit_payment_not_recognised,My app shows a direct debit that isn't mine.,cargo_no_reconocido,no,,,cargo_no_reconocido
4812,direct_debit_payment_not_recognised,There is a payment showing on my app that I didn't do. Will you please cancel this payment and refund my money ?,cargo_no_reconocido,no,,,cargo_no_reconocido
4813,direct_debit_payment_not_recognised,Why is there a direct debit to my account? I didn't do that.,cargo_no_reconocido,no,,,cargo_no_reconocido
4833,passcode_forgotten,Why doesn't my passcode work?,fuera_de_alcance,no,,,fuera_de_alcance
4896,passcode_forgotten,I've forgotten my app passcode completely.,fuera_de_alcance,no,,,fuera_de_alcance
4911,passcode_forgotten,I think I forgot my passcode,fuera_de_alcance,no,,,fuera_de_alcance
4949,declined_cash_withdrawal,Why wouldn't the ATM give me my money?,fuera_de_alcance,no,,,fuera_de_alcance
4979,declined_cash_withdrawal,"When I tried to access my cash, I wasn't allowed!",fuera_de_alcance,no,,,fuera_de_alcance
4994,declined_cash_withdrawal,The ATM keeps rejecting my Payment. I tried two different ATMs but did not work .Can you please check if everything is okay with my account?,fuera_de_alcance,no,,,fuera_de_alcance
5060,declined_cash_withdrawal,Why was my atm withdrawl declined,fuera_de_alcance,no,,,fuera_de_alcance
5101,pending_card_payment,I have a card payment which shows as pending,fuera_de_alcance,no,,,fuera_de_alcance
5107,pending_card_payment,Why are the things I bought earlier today still showing as pending?,fuera_de_alcance,no,,,fuera_de_alcance
5108,pending_card_payment,Card payment still pending.,fuera_de_alcance,no,,,fuera_de_alcance
5110,pending_card_payment,I have a payment that has not gone through yet,fuera_de_alcance,no,,,fuera_de_alcance
5116,pending_card_payment,Is there a reason my payments are pending?,fuera_de_alcance,no,,,fuera_de_alcance
5122,pending_card_payment,How is my card payment still pending?,fuera_de_alcance,no,,,fuera_de_alcance
5130,pending_card_payment,My card payment says pending and it hasn't changed,fuera_de_alcance,no,,,fuera_de_alcance
5137,pending_card_payment,It looks like a payment I've made hasn't made it through yet.,fuera_de_alcance,no,,,fuera_de_alcance
5147,pending_card_payment,Why is my card payment pending?,fuera_de_alcance,no,,,fuera_de_alcance
5152,pending_card_payment,My purchases from this morning are showing up as payment pending. Can you tell me why?,fuera_de_alcance,no,,,fuera_de_alcance
5157,pending_card_payment,I don't understand why my card payment is pending.  It has been pending for too long.  Why is this and when might it go through?,fuera_de_alcance,no,,,fuera_de_alcance
5158,pending_card_payment,"I did a payment with my card but seem that didn't work, it's still listed as pending since a while ago. When does this actually go through?",fuera_de_alcance,no,,,fuera_de_alcance
5159,pending_card_payment,I need to know when a payment will actually go through. I completed a payment using my card but it is just showing as pending at this point and it has been a while ago.,fuera_de_alcance,no,,,fuera_de_alcance
5160,pending_card_payment,When will the transaction go through?,fuera_de_alcance,no,,,fuera_de_alcance
5161,pending_card_payment,My card payment has been stuck on pending. What is the problem? It should have gone through by now.,fuera_de_alcance,no,,,fuera_de_alcance
5167,pending_card_payment,What does a 'pending payment' mean?,fuera_de_alcance,no,,,fuera_de_alcance
5168,pending_card_payment,"Hello, I made a payment with my card and it's not working. It's been a while and still says its pending. Can you tell when this will go through?",fuera_de_alcance,no,,,fuera_de_alcance
5170,pending_card_payment,My purchase from this morning still is pending.,fuera_de_alcance,no,,,fuera_de_alcance
5174,pending_card_payment,"My card payment is just showing up as pending since forever, what's going on with that, when should it be going through?",fuera_de_alcance,no,,,fuera_de_alcance
5177,pending_card_payment,I noticed that there's a payment on my card that's pending.,fuera_de_alcance,no,,,fuera_de_alcance
5178,pending_card_payment,When is a payment I made with my card going to clear>,fuera_de_alcance,no,,,fuera_de_alcance
5182,pending_card_payment,"I was wondering why my payment hasn't gone through yet, its been a while.",fuera_de_alcance,no,,,fuera_de_alcance
5188,pending_card_payment,"I made a purchase this morning, and it is showing as pending.",fuera_de_alcance,no,,,fuera_de_alcance
5193,pending_card_payment,Why aren't my payment funds available to me?,fuera_de_alcance,no,,,fuera_de_alcance
5203,pending_card_payment,What is the cause of the delay in applying my card payment to my account?,fuera_de_alcance,no,,,fuera_de_alcance
5212,pending_card_payment,How long does it actually take for a card payment to go through? There's one stuck since a couple of days already that doesn't seem to move,fuera_de_alcance,no,,,fuera_de_alcance
5215,pending_card_payment,"I have made a payment by my card, and its still pending since a long time. Could you please tell me when it will process.",fuera_de_alcance,no,,,fuera_de_alcance
5216,pending_card_payment,I completed a payment with my card a while ago. It's still showing up as pending. What time frame does this normally take? It doesn't appear to have worked.,fuera_de_alcance,no,,,fuera_de_alcance
5218,pending_card_payment,I have a payment that is still pending,fuera_de_alcance,no,,,fuera_de_alcance
5220,pending_card_payment,"There is a pending transaction on my account, what does this mean?",fuera_de_alcance,no,,,fuera_de_alcance
5234,pending_card_payment,My credit card payment has been in pending status for a super long time.  I don't get it.  Why is it like this?  When will it go through?,fuera_de_alcance,no,,,fuera_de_alcance
5239,pending_card_payment,"It says that my payment is pending, what does that mean?",fuera_de_alcance,no,,,fuera_de_alcance
5240,pending_card_payment,I tried to make a payment with my card and it was declined. Why is it pending?,fuera_de_alcance,no,,,fuera_de_alcance
5260,lost_or_stolen_phone,"I forgot my phone at the hotel, so I can't access the app.",,sí,fuera_de_alcance,por_decidir: habla solo del celular/app (lost_or_stolen_phone sin decisión en el mapeo),fuera_de_alcance
5263,lost_or_stolen_phone,I need help- I got mugged yesterday and they took everything so I can't use the app.,,sí,fuera_de_alcance,por_decidir: habla solo del celular/app (lost_or_stolen_phone sin decisión en el mapeo),fuera_de_alcance
5266,lost_or_stolen_phone,I can not find my phone or it has been stolen.,,sí,fuera_de_alcance,por_decidir: habla solo del celular/app (lost_or_stolen_phone sin decisión en el mapeo),fuera_de_alcance
5267,lost_or_stolen_phone,I can't use the app because I got mugged yesterday and they took everything. Please help.,,sí,fuera_de_alcance,por_decidir: habla solo del celular/app (lost_or_stolen_phone sin decisión en el mapeo),fuera_de_alcance
5269,lost_or_stolen_phone,What do I do if my phone was stolen?,,sí,fuera_de_alcance,por_decidir: habla solo del celular/app (lost_or_stolen_phone sin decisión en el mapeo),fuera_de_alcance
5270,lost_or_stolen_phone,What do I do if I can't access the app?,,sí,fuera_de_alcance,por_decidir: habla solo del celular/app (lost_or_stolen_phone sin decisión en el mapeo),fuera_de_alcance
5275,lost_or_stolen_phone,I am not sure where my phone is.,,sí,fuera_de_alcance,por_decidir: habla solo del celular/app (lost_or_stolen_phone sin decisión en el mapeo),fuera_de_alcance
5280,lost_or_stolen_phone,Help me.  My phone has been lost or stolen!,,sí,fuera_de_alcance,por_decidir: habla solo del celular/app (lost_or_stolen_phone sin decisión en el mapeo),fuera_de_alcance
5281,lost_or_stolen_phone,My app was on the phone and I was mugged.  What do I do?,,sí,fuera_de_alcance,por_decidir: habla solo del celular/app (lost_or_stolen_phone sin decisión en el mapeo),fuera_de_alcance
5282,lost_or_stolen_phone,I don't have the device I used to log onto the platform so I can't access it.,,sí,fuera_de_alcance,por_decidir: habla solo del celular/app (lost_or_stolen_phone sin decisión en el mapeo),fuera_de_alcance
5302,lost_or_stolen_phone,I was recently mugged and would like to know if I have to have access to the app to use your services and how I would go about setting up your services on a new device belonging to a current user?,,sí,fuera_de_alcance,por_decidir: habla solo del celular/app (lost_or_stolen_phone sin decisión en el mapeo),fuera_de_alcance
5306,lost_or_stolen_phone,my phone has been stolen by someone,,sí,fuera_de_alcance,por_decidir: habla solo del celular/app (lost_or_stolen_phone sin decisión en el mapeo),fuera_de_alcance
5307,lost_or_stolen_phone,What should I do if someone stole my phone?,,sí,fuera_de_alcance,por_decidir: habla solo del celular/app (lost_or_stolen_phone sin decisión en el mapeo),fuera_de_alcance
5317,lost_or_stolen_phone,What do I do if I lost my phone?,,sí,fuera_de_alcance,por_decidir: habla solo del celular/app (lost_or_stolen_phone sin decisión en el mapeo),fuera_de_alcance
5326,lost_or_stolen_phone,What do I do if I cannot access the app?,,sí,fuera_de_alcance,por_decidir: habla solo del celular/app (lost_or_stolen_phone sin decisión en el mapeo),fuera_de_alcance
5335,lost_or_stolen_phone,I no longer have my phone.,,sí,fuera_de_alcance,por_decidir: habla solo del celular/app (lost_or_stolen_phone sin decisión en el mapeo),fuera_de_alcance
5345,lost_or_stolen_phone,My phone was left at a hotel and I can't access the app.,,sí,fuera_de_alcance,por_decidir: habla solo del celular/app (lost_or_stolen_phone sin decisión en el mapeo),fuera_de_alcance
5348,lost_or_stolen_phone,My phone is missing.,,sí,fuera_de_alcance,por_decidir: habla solo del celular/app (lost_or_stolen_phone sin decisión en el mapeo),fuera_de_alcance
5349,lost_or_stolen_phone,Do I need my phone to use the app?,,sí,fuera_de_alcance,por_decidir: habla solo del celular/app (lost_or_stolen_phone sin decisión en el mapeo),fuera_de_alcance
5351,lost_or_stolen_phone,How do I use my card if I lost my phone?,,sí,tarjeta_comprometida,por_decidir: celular perdido/robado y además menciona la tarjeta,fuera_de_alcance
5352,lost_or_stolen_phone,hello I have lost my phone and I'm worried someone's going to steal money from me,,sí,fuera_de_alcance,por_decidir: habla solo del celular/app (lost_or_stolen_phone sin decisión en el mapeo),fuera_de_alcance
5355,lost_or_stolen_phone,I can't use the app.  My phone is lost at the hotel.,,sí,fuera_de_alcance,por_decidir: habla solo del celular/app (lost_or_stolen_phone sin decisión en el mapeo),fuera_de_alcance
5356,lost_or_stolen_phone,"If I lost my phone at the hotel, can I still use the app?",,sí,fuera_de_alcance,por_decidir: habla solo del celular/app (lost_or_stolen_phone sin decisión en el mapeo),fuera_de_alcance
5359,lost_or_stolen_phone,"My phone is lost I don't want someone to use my account, what can I do?",,sí,fuera_de_alcance,por_decidir: habla solo del celular/app (lost_or_stolen_phone sin decisión en el mapeo),fuera_de_alcance
5381,request_refund,What's the procedure for canceling a purchase?,fuera_de_alcance,no,,,fuera_de_alcance
5387,request_refund,Can I cancel an order if I haven't received the item yet? And how can I get my money back? Please help. Thanks.,fuera_de_alcance,no,,,fuera_de_alcance
5388,request_refund,"Hey I want to get a refund on something I bought, but not sure how to go about it. Can you please just cancel the payment, I have not received the item yet.",fuera_de_alcance,no,,,fuera_de_alcance
5390,request_refund,My statement has a charge that shouldn't have been made.,fuera_de_alcance,no,,,fuera_de_alcance
5397,request_refund,Please help me get a refund?,fuera_de_alcance,no,,,fuera_de_alcance
5402,request_refund,I have an incorrect charge and would like a refund.,fuera_de_alcance,sí,cobro_incorrecto,"regla 3: habla de cobro mal hecho (""incorrect charge"")",cobro_incorrecto
5417,request_refund,"I received the wrong color and size, can I return it?",fuera_de_alcance,no,,,fuera_de_alcance
5427,request_refund,I didn't enjoy my tutor session and want a refund back. How do I go about doing this?,fuera_de_alcance,no,,,fuera_de_alcance
5432,request_refund,Can I have my money refunded for an item,fuera_de_alcance,no,,,fuera_de_alcance
5439,request_refund,How do I reverse a transaction on my account?,fuera_de_alcance,no,,,fuera_de_alcance
5440,request_refund,Am I able to get a refund for a purchase?,fuera_de_alcance,no,,,fuera_de_alcance
5441,request_refund,I need a refund for something I bought.,fuera_de_alcance,no,,,fuera_de_alcance
5445,request_refund,I want a refund on this.,fuera_de_alcance,no,,,fuera_de_alcance
5447,request_refund,I made an online purchase and the order has not shown up. Give me my money back.,fuera_de_alcance,no,,,fuera_de_alcance
5454,request_refund,My product was faulty.,fuera_de_alcance,no,,,fuera_de_alcance
5456,request_refund,I bought something online a week ago and i never got it in the mail.Can I just get my money back now I don't want to keep waiting on something that isn't going to show up.,fuera_de_alcance,no,,,fuera_de_alcance
5465,request_refund,I did not get the item I ordered.  How should I go about this?  Should I just cancel my order or my payment?  Please help me.,fuera_de_alcance,no,,,fuera_de_alcance
5467,request_refund,"I want a refund, but I haven't received the item yet. Can I cancel it and get my funds back? How do I do that.",fuera_de_alcance,no,,,fuera_de_alcance
5468,request_refund,I'm going to cancel a purchase.,fuera_de_alcance,no,,,fuera_de_alcance
5473,request_refund,tell me how to get a refund for something I bought.,fuera_de_alcance,no,,,fuera_de_alcance
5476,request_refund,I changed my mind on something I purchased through you and I need the transaction canceled and a refund as soon as possible. Can you help me please?,fuera_de_alcance,no,,,fuera_de_alcance
5480,request_refund,How do I get my refund back?,fuera_de_alcance,no,,,fuera_de_alcance
5481,request_refund,Would I be able to refund an item?,fuera_de_alcance,no,,,fuera_de_alcance
5497,request_refund,I need my purchase cancelled.,fuera_de_alcance,no,,,fuera_de_alcance
5498,request_refund,How do I cancel a purchase?,fuera_de_alcance,no,,,fuera_de_alcance
5504,request_refund,Can you please help me in canceling my order.,fuera_de_alcance,no,,,fuera_de_alcance
5508,request_refund,I have not received an item i ordered yet so i want to cancel it and get a refund. Can you please guide me on how to go about it?,fuera_de_alcance,no,,,fuera_de_alcance
5514,request_refund,It's been some time ago that I placed an order and it just isn't coming. At this point just give me back my money because I'm not paying them.,fuera_de_alcance,no,,,fuera_de_alcance
5519,request_refund,"I did not receive my purchase, how do I cancel it?",fuera_de_alcance,no,,,fuera_de_alcance
5522,request_refund,Can you help me process a refund?,fuera_de_alcance,no,,,fuera_de_alcance
5527,request_refund,I would like my refund for this item I bought.,fuera_de_alcance,no,,,fuera_de_alcance
5528,request_refund,Can I get my money back on an item?,fuera_de_alcance,no,,,fuera_de_alcance
5531,request_refund,"Hello, i'd like to inform you of an issue i'm currently experiencing. The goods i have ordered from your website have still not arrived yet; it has been over 3 weeks. I would like to be issued a refund swiftly and be redirected to more competent people. Thank you for your assistance.",fuera_de_alcance,no,,,fuera_de_alcance
5534,request_refund,Can I get a refund?,fuera_de_alcance,no,,,fuera_de_alcance
5537,request_refund,I want to have an item refunded can I do that?,fuera_de_alcance,no,,,fuera_de_alcance
5539,request_refund,How do I receive a refund for my item?,fuera_de_alcance,no,,,fuera_de_alcance
5601,declined_transfer,What would be a reason my transfer got declined?,fuera_de_alcance,no,,,fuera_de_alcance
5617,declined_transfer,I tried to do a transfer but I got a message that it was declined.,fuera_de_alcance,no,,,fuera_de_alcance
5683,Refund_not_showing_up,when will I get my refund?,fuera_de_alcance,no,,,fuera_de_alcance
5689,Refund_not_showing_up,How come my refund hasn't appeared on my statement?,fuera_de_alcance,no,,,fuera_de_alcance
5690,Refund_not_showing_up,Why am I still waiting for my refund,fuera_de_alcance,no,,,fuera_de_alcance
5692,Refund_not_showing_up,Why is my refund not visible on my statement?,fuera_de_alcance,no,,,fuera_de_alcance
5698,Refund_not_showing_up,I have a missing refund,fuera_de_alcance,no,,,fuera_de_alcance
5704,Refund_not_showing_up,I can't see my refund in my history.,fuera_de_alcance,no,,,fuera_de_alcance
5712,Refund_not_showing_up,"Hi, Last week I have contacted the seller for a refund as directed by you, but i have not received the money yet. Please look into this issue with seller and help me in getting the refund.",fuera_de_alcance,no,,,fuera_de_alcance
5719,Refund_not_showing_up,I cannot see a refund in my account,fuera_de_alcance,no,,,fuera_de_alcance
5729,Refund_not_showing_up,"Hurry and refund me, I am waiting",fuera_de_alcance,no,,,fuera_de_alcance
5730,Refund_not_showing_up,"I received a refund, however I cannot see it in my account",fuera_de_alcance,no,,,fuera_de_alcance
5734,Refund_not_showing_up,"It's been more than a week since I had a return charged to my card, why hasn't it showed up?",fuera_de_alcance,no,,,fuera_de_alcance
5739,Refund_not_showing_up,The refund on my account hasn't shown up,fuera_de_alcance,no,,,fuera_de_alcance
5740,Refund_not_showing_up,I'm supposed to have a refund but it isn't there,fuera_de_alcance,no,,,fuera_de_alcance
5741,Refund_not_showing_up,My statement has not shown my refund.,fuera_de_alcance,no,,,fuera_de_alcance
5742,Refund_not_showing_up,No refund showing in my statement.,fuera_de_alcance,no,,,fuera_de_alcance
5743,Refund_not_showing_up,I can't see all the refunds in my statement,fuera_de_alcance,no,,,fuera_de_alcance
5749,Refund_not_showing_up,What is taking so long with my refund?,fuera_de_alcance,no,,,fuera_de_alcance
5750,Refund_not_showing_up,Can you tell me why a refund I'm owed is not showing on my statement?,fuera_de_alcance,no,,,fuera_de_alcance
5752,Refund_not_showing_up,when should I receive my refund,fuera_de_alcance,no,,,fuera_de_alcance
5753,Refund_not_showing_up,Card refund is not showing up in my statement.,fuera_de_alcance,no,,,fuera_de_alcance
5756,Refund_not_showing_up,"Hi! A seller that I requested a refund from a long time ago has yet to send the money into my account, even though I keep checking it. Can the seller be contacted by you guys to see what's going on?",fuera_de_alcance,no,,,fuera_de_alcance
5758,Refund_not_showing_up,My refund is still pending,fuera_de_alcance,no,,,fuera_de_alcance
5767,Refund_not_showing_up,"I requested a refund from a seller a while ago, but when I check my statements it doesn't show up. Can you help me get my refund.",fuera_de_alcance,no,,,fuera_de_alcance
5769,Refund_not_showing_up,I contacted a seller about a refund last week but he still hasn't returned my money. I am frustrated and need these funds. Please help me get my money back.,fuera_de_alcance,no,,,fuera_de_alcance
5778,Refund_not_showing_up,"I was suppose to be getting a refund for something I purchased a while ago, but It still hasnt been applied to my account. When will I get my money back?",fuera_de_alcance,no,,,fuera_de_alcance
5789,Refund_not_showing_up,My refund has not shown up in my account.   Where is it?,fuera_de_alcance,no,,,fuera_de_alcance
5796,Refund_not_showing_up,When will I be able to see the refund,fuera_de_alcance,no,,,fuera_de_alcance
5799,Refund_not_showing_up,I am missing my refund.,fuera_de_alcance,no,,,fuera_de_alcance
5800,Refund_not_showing_up,I keep checking my statements but nothing shows up.I requested a refund a long time ago but seems like it's not submitting my account for some reason. Can you please help me get the money back from the seller for me,fuera_de_alcance,no,,,fuera_de_alcance
5810,Refund_not_showing_up,Why hasn't my return cleared my account?,fuera_de_alcance,no,,,fuera_de_alcance
5812,Refund_not_showing_up,My refund isn't showing up,fuera_de_alcance,no,,,fuera_de_alcance
5814,Refund_not_showing_up,Are the funds I requested from a merchant a few days ago in my account? I do not see them.,fuera_de_alcance,no,,,fuera_de_alcance
5824,Refund_not_showing_up,Where is the refund on my statement?,fuera_de_alcance,no,,,fuera_de_alcance
5827,Refund_not_showing_up,There is not a refund in my statement.,fuera_de_alcance,no,,,fuera_de_alcance
5833,Refund_not_showing_up,I've been checking my statement to see if I've received a refund I requested from a seller a while ago has arrived. But it has not. This should have come back to me already. Can you help me figure out why it's not here and get my money back?,fuera_de_alcance,no,,,fuera_de_alcance
5835,Refund_not_showing_up,I can't see my refund on my account,fuera_de_alcance,no,,,fuera_de_alcance
5841,declined_card_payment,If my card payment isn't working what do I do?,fuera_de_alcance,no,,,fuera_de_alcance
5845,declined_card_payment,I am very upset that i went to use my new card today and it kept getting declined. Why is this happening and what do I do to not have it declined?,fuera_de_alcance,no,,,fuera_de_alcance
5851,declined_card_payment,What is the reason my payment was not accepted?,fuera_de_alcance,no,,,fuera_de_alcance
5852,declined_card_payment,"May monthly payment to Apple has been declined but I don't know why, they are going to re-try the payment and it must go through, can you tell me what is going on please?",fuera_de_alcance,no,,,fuera_de_alcance
5854,declined_card_payment,Can you tell me why my card keeps getting declined every time I try to use it?,fuera_de_alcance,no,,,fuera_de_alcance
5855,declined_card_payment,Can you tell me why my card is not working? I keep trying to use it but it keeps rejecting my payment. I am being careful and entering the info correctly but it still happens.,fuera_de_alcance,no,,,fuera_de_alcance
5860,declined_card_payment,The payment for the card did not go through,fuera_de_alcance,no,,,fuera_de_alcance
5866,declined_card_payment,Why is my payment declined? It looked like everything worked ok and my account was fine.,fuera_de_alcance,no,,,fuera_de_alcance
5871,declined_card_payment,I'm sure I have enough money so why didn't the store accept my card?,fuera_de_alcance,no,,,fuera_de_alcance
5881,declined_card_payment,My card payment wasn't accepted.,fuera_de_alcance,no,,,fuera_de_alcance
5896,declined_card_payment,my payment was rejected,fuera_de_alcance,no,,,fuera_de_alcance
5901,declined_card_payment,My credit card has been declined.,fuera_de_alcance,no,,,fuera_de_alcance
5902,declined_card_payment,Why did my card payment get declined?,fuera_de_alcance,no,,,fuera_de_alcance
5903,declined_card_payment,Why won't you accept my payment? I keep trying with this card and it's not working.,fuera_de_alcance,no,,,fuera_de_alcance
5904,declined_card_payment,My card payment is being declined and I've tried several times.,fuera_de_alcance,no,,,fuera_de_alcance
5905,declined_card_payment,For some reason my card payment didn't work,fuera_de_alcance,no,,,fuera_de_alcance
5912,declined_card_payment,My card payment has been declined,fuera_de_alcance,no,,,fuera_de_alcance
5914,declined_card_payment,My card was refused,fuera_de_alcance,no,,,fuera_de_alcance
5918,declined_card_payment,My card did not work at store.,fuera_de_alcance,no,,,fuera_de_alcance
5926,declined_card_payment,I don't know why my card payment did not work,fuera_de_alcance,no,,,fuera_de_alcance
5935,declined_card_payment,Why would a card payment be declined?,fuera_de_alcance,no,,,fuera_de_alcance
5946,declined_card_payment,"I'm not sure why my payment has been declined? Please tell me why, I thought it was all good.",fuera_de_alcance,no,,,fuera_de_alcance
5948,declined_card_payment,I had a decline on my card. Why?,fuera_de_alcance,no,,,fuera_de_alcance
5949,declined_card_payment,When I tried to pay in a store my card din't work,fuera_de_alcance,no,,,fuera_de_alcance
5950,declined_card_payment,I was just needing to know why my card got declined,fuera_de_alcance,no,,,fuera_de_alcance
5951,declined_card_payment,My payment was declined,fuera_de_alcance,no,,,fuera_de_alcance
5952,declined_card_payment,Why was the payment on my card declined?,fuera_de_alcance,no,,,fuera_de_alcance
5955,declined_card_payment,Do you know the reason why my card payment was declined?,fuera_de_alcance,no,,,fuera_de_alcance
5970,declined_card_payment,Why are the payments being declined on my new card?  I tried several times to use my new card to pay for my gas at the Shell station in my neighborhood.  I am very distressed about my new card not working.,fuera_de_alcance,no,,,fuera_de_alcance
5973,declined_card_payment,Reason for my card to decline,fuera_de_alcance,no,,,fuera_de_alcance
5978,declined_card_payment,"I have enough money in my account, so why is my card being declined?",fuera_de_alcance,no,,,fuera_de_alcance
5979,declined_card_payment,Can you please advise if there is something wrong with my card? I have had multiple rejections and do not know the reason. Thanks!,fuera_de_alcance,no,,,fuera_de_alcance
5980,declined_card_payment,"Card payment was declined, do you know why?",fuera_de_alcance,no,,,fuera_de_alcance
5982,declined_card_payment,"I had a problem with my card payment, can you help?",fuera_de_alcance,no,,,fuera_de_alcance
6004,pending_transfer,Hi I am trying to transfer money to another country but it is showing pending and it has been a long time.  I have checked numbers and they are correct.  Could you please help?,fuera_de_alcance,no,,,fuera_de_alcance
6007,pending_transfer,How long do I have to wait for the transfer to be finalized?,fuera_de_alcance,no,,,fuera_de_alcance
6056,pending_transfer,I recently purchased something and the seller says my money has not arrived yet. It was in EU's. How long does this take?,fuera_de_alcance,no,,,fuera_de_alcance
6156,terminate_account,I want to close my account due to poor customer service.,fuera_de_alcance,no,,,fuera_de_alcance
6188,terminate_account,Help me terminate and close my account.,fuera_de_alcance,no,,,fuera_de_alcance
6245,card_swallowed,What do I do if the ATM took my card?,fuera_de_alcance,no,,,fuera_de_alcance
6249,card_swallowed,What do I do if I can't get my card out of the ATM?,fuera_de_alcance,no,,,fuera_de_alcance
6255,card_swallowed,"The ATM at Metro bank on High St. Kensington didn't return my card, and the bank is now closed. How do I get back a card swallowed by an ATM?",fuera_de_alcance,no,,,fuera_de_alcance
6257,card_swallowed,The ATM stole my card!,fuera_de_alcance,no,,,fuera_de_alcance
6263,card_swallowed,The ATM did not give me my card back?,fuera_de_alcance,no,,,fuera_de_alcance
6267,card_swallowed,The ATM machine would not give my card back,fuera_de_alcance,no,,,fuera_de_alcance
6271,card_swallowed,How do I get my card out of the ATM?,fuera_de_alcance,no,,,fuera_de_alcance
6275,card_swallowed,I was removing a dollar amount from my account and now don't have access to my card.,fuera_de_alcance,no,,,fuera_de_alcance
6276,card_swallowed,A Bank ATM did not give my card back. What do I do now?,fuera_de_alcance,no,,,fuera_de_alcance
6278,card_swallowed,lost my card in atm,fuera_de_alcance,no,,,fuera_de_alcance
6284,card_swallowed,What do I do?  The ATM took my card!,fuera_de_alcance,no,,,fuera_de_alcance
6289,card_swallowed,"Please help, the atm swallowed my card, what do I do?",fuera_de_alcance,no,,,fuera_de_alcance
6290,card_swallowed,I have lost my credit card in the ATM!,fuera_de_alcance,no,,,fuera_de_alcance
6300,card_swallowed,How do I get my card back after the ATM swallowed it.,fuera_de_alcance,no,,,fuera_de_alcance
6311,transaction_charged_twice,How do I query a payment on my card? It looks like I have paid for the same thing twice.,cobro_incorrecto,no,,,cobro_incorrecto
6315,transaction_charged_twice,What do I do if I've been charged twice for the same transaction?,cobro_incorrecto,no,,,cobro_incorrecto
6318,transaction_charged_twice,"My transaction history is looking a little off. I have been charged twice for multiple different purchases, and would like to have those duplicate charges refunded.",cobro_incorrecto,no,,,cobro_incorrecto
6321,transaction_charged_twice,"I was charged twice for a restaurant, can you take the second charge off?",cobro_incorrecto,no,,,cobro_incorrecto
6322,transaction_charged_twice,I have a transaction that shows multiple times.,cobro_incorrecto,no,,,cobro_incorrecto
6324,transaction_charged_twice,I have been charged twice for the same transaction.,cobro_incorrecto,no,,,cobro_incorrecto
6325,transaction_charged_twice,How do I get my money back for a duplicated charge?,cobro_incorrecto,no,,,cobro_incorrecto
6330,transaction_charged_twice,I have been double charged,cobro_incorrecto,no,,,cobro_incorrecto
6331,transaction_charged_twice,I was double charged at a restaurant can you take the second charge off?,cobro_incorrecto,no,,,cobro_incorrecto
6332,transaction_charged_twice,I have a duplicate charge,cobro_incorrecto,no,,,cobro_incorrecto
6334,transaction_charged_twice,What happens with the duplicate charge in my account?,cobro_incorrecto,no,,,cobro_incorrecto
6335,transaction_charged_twice,Why have I been charged twice?,cobro_incorrecto,no,,,cobro_incorrecto
6336,transaction_charged_twice,I have two of the same charges on my account!,cobro_incorrecto,no,,,cobro_incorrecto
6337,transaction_charged_twice,Why am I being charged for the same thing twice?,cobro_incorrecto,no,,,cobro_incorrecto
6341,transaction_charged_twice,I got charged twice for the same payment. Please removed the pending payment. Thank you.,cobro_incorrecto,no,,,cobro_incorrecto
6344,transaction_charged_twice,"I had a duplicate card and bought something and it showed up twice. I canceled my card, how do I get my money back?",cobro_incorrecto,no,,,cobro_incorrecto
6347,transaction_charged_twice,"Looks like my card payment was made twice by mistake. I went to pay at the store earlier which rejected once, second time it worked. App is on pending for one of the payments. Can you please remove one of them as it's wrong and clearly was declined?",cobro_incorrecto,no,,,cobro_incorrecto
6348,transaction_charged_twice,Please tell me why the same transaction is showing up on my account more than once.,cobro_incorrecto,no,,,cobro_incorrecto
6351,transaction_charged_twice,"Looks like my card payment was duplicated after all. I went to pay at the store earlier, got declined once, second time it works. App still stays pending for one of the payments. Can you please remove one of them as it's wrong and clearly was declined?",cobro_incorrecto,no,,,cobro_incorrecto
6357,transaction_charged_twice,"Good day, in reviewing my credit card activity over the last several days, I see a repeated charge for a restaurant that I went to. The charge was put through twice, so I would like one of the charges corrected and the amount that was withdrawn to be reinstated please.",cobro_incorrecto,no,,,cobro_incorrecto
6361,transaction_charged_twice,I have noticed that my account was double charged for a couple of items this week. Please review and refund the double charged items back.,cobro_incorrecto,no,,,cobro_incorrecto
6362,transaction_charged_twice,Why was I double charged?,cobro_incorrecto,no,,,cobro_incorrecto
6366,transaction_charged_twice,I have been charged two times for one transaction.,cobro_incorrecto,no,,,cobro_incorrecto
6371,transaction_charged_twice,A transaction is showing more than once.,cobro_incorrecto,no,,,cobro_incorrecto
6372,transaction_charged_twice,I was charged multiple times at the same location at the same time,cobro_incorrecto,no,,,cobro_incorrecto
6373,transaction_charged_twice,Hello. I checked my transactions and saw I was double charged for a restaurant visit. Can I get my money back?,cobro_incorrecto,no,,,cobro_incorrecto
6374,transaction_charged_twice,"Hi, I was at a restaurant later the week and when I went to look at my account I noticed that I got charged twice. I would like to get my money back from one of those transactions.",cobro_incorrecto,no,,,cobro_incorrecto
6375,transaction_charged_twice,I was charged twice.,cobro_incorrecto,no,,,cobro_incorrecto
6379,transaction_charged_twice,I was charged more than once for a card payment I made.,cobro_incorrecto,no,,,cobro_incorrecto
6381,transaction_charged_twice,I was charged more than once in a single transaction,cobro_incorrecto,no,,,cobro_incorrecto
6382,transaction_charged_twice,You charged me more than once for the same transaction!,cobro_incorrecto,no,,,cobro_incorrecto
6384,transaction_charged_twice,Why was I charged twice for my item!,cobro_incorrecto,no,,,cobro_incorrecto
6385,transaction_charged_twice,My account is showing a double charge.,cobro_incorrecto,no,,,cobro_incorrecto
6388,transaction_charged_twice,"I was charged twice, when I didn't purchase anything twice.",cobro_incorrecto,no,,,cobro_incorrecto
6390,transaction_charged_twice,I think I was double charged,cobro_incorrecto,no,,,cobro_incorrecto
6392,transaction_charged_twice,"My account shows I have been charged twice for the same meal. How do I get the second payment voided and returned to me? I do not eat out much and my family is living paycheck to paycheck,  mostly. I cannot afford to spend more money than necessary, as is, so I must see to it that the cost be promptly credited back onto my card.",cobro_incorrecto,no,,,cobro_incorrecto
6399,transaction_charged_twice,Why am i being double charged for something?,cobro_incorrecto,no,,,cobro_incorrecto
6401,transaction_charged_twice,Will the duplicated payment be refunded?,cobro_incorrecto,no,,,cobro_incorrecto
6402,transaction_charged_twice,I have been charged twice on my statement.,cobro_incorrecto,no,,,cobro_incorrecto
6403,transaction_charged_twice,I am concerned that I am being doubled charged for several items purchased in the past week.  Please review my statement and correct.,cobro_incorrecto,no,,,cobro_incorrecto
6404,transaction_charged_twice,"I went to the store and tried to make a purchase.  The first time, it was declined, but the second one went through.  But my App shows me that I've already been charged once and the second charge is still pending.  Can you make sure that I'm not charged twice?",cobro_incorrecto,no,,,cobro_incorrecto
6406,transaction_charged_twice,I was charged multiple times for one purchase,cobro_incorrecto,no,,,cobro_incorrecto
6407,transaction_charged_twice,Why have I been charged more than once for the same transaction?,cobro_incorrecto,no,,,cobro_incorrecto
6410,transaction_charged_twice,A payment is showing twice. Why is that?,cobro_incorrecto,no,,,cobro_incorrecto
6414,transaction_charged_twice,After taking over my card transactions I noticed that was charged twice for a restaurant purchased from earlier this week. Can you please remove one of these transactions from my account since it is not accurate?,cobro_incorrecto,no,,,cobro_incorrecto
6415,transaction_charged_twice,I made a payment and it appears it is showing twice,cobro_incorrecto,no,,,cobro_incorrecto
6417,transaction_charged_twice,I noticed that my card was charged more than once for one thing.,cobro_incorrecto,no,,,cobro_incorrecto
6418,transaction_charged_twice,"I got double charged from something, what can I do?",cobro_incorrecto,no,,,cobro_incorrecto
6419,transaction_charged_twice,"Hi, I checked my transactions and saw that I was charged twice during a restaurant visit. I would like to get my money back.",cobro_incorrecto,no,,,cobro_incorrecto
6423,transaction_charged_twice,Hi. Please can you help me fix a double charge on my card? I'm looking at my transactions and this restaurant I went to earlier in the week has charged me twice! Please remove the additional charge for me.,cobro_incorrecto,no,,,cobro_incorrecto
6424,transaction_charged_twice,There is a duplicate payment on my card. Why?,cobro_incorrecto,no,,,cobro_incorrecto
6426,transaction_charged_twice,There are two of the same charge on my statement.,cobro_incorrecto,no,,,cobro_incorrecto
6430,transaction_charged_twice,My card was declined but it shows as multiple charges?,cobro_incorrecto,no,,,cobro_incorrecto
6433,transaction_charged_twice,Hi. I noticed I have a duplicate charge which I have not made twice. Who should I talk to take care of this?,cobro_incorrecto,no,,,cobro_incorrecto
6434,transaction_charged_twice,There is a payment that I was charged two times for.,cobro_incorrecto,no,,,cobro_incorrecto
6438,transaction_charged_twice,I need a transaction reversed from my account.,cobro_incorrecto,no,,,cobro_incorrecto
6441,transaction_charged_twice,How come there is a duplicate charge on my card?,cobro_incorrecto,no,,,cobro_incorrecto
6442,transaction_charged_twice,Why was I charged twice for the same thing?,cobro_incorrecto,no,,,cobro_incorrecto
6443,transaction_charged_twice,I have a duplicate payment on my account,cobro_incorrecto,no,,,cobro_incorrecto
6444,transaction_charged_twice,Why does my statement show various transaction times?,cobro_incorrecto,no,,,cobro_incorrecto
6445,transaction_charged_twice,Why are there multiple transactions showing for one purchase?,cobro_incorrecto,no,,,cobro_incorrecto
6448,transaction_charged_twice,My bill shows the same charge more than once,cobro_incorrecto,no,,,cobro_incorrecto
6449,transaction_charged_twice,"I went for a meal in Seattle and paid the bill but I think they charged me twice, the first time they swiped the card I got a notification to say the money had gone out the account but then I added a tip and I think they swiped it all again. Can you refund one of the charges?",cobro_incorrecto,no,,,cobro_incorrecto
6451,transaction_charged_twice,I noticed a duplicate charge on my statement.,cobro_incorrecto,no,,,cobro_incorrecto
6452,transaction_charged_twice,"Hey there, I just went through my most recent credit card payments and I notice the same charge for a restaurant was processed twice. There was only one meal at this place, so I would like one of the charges to be reversed and my money to be put back in the account.",cobro_incorrecto,no,,,cobro_incorrecto
6456,transaction_charged_twice,My transaction is showing several times.,cobro_incorrecto,no,,,cobro_incorrecto
6458,transaction_charged_twice,"In reviewing my statement, I show I have two charges for the same purchase at the same time, which I have not made in duplicate? How do I get this solved?",cobro_incorrecto,no,,,cobro_incorrecto
6459,transaction_charged_twice,"Looks like my card payment was made twice by mistake. I paid at the store earlier which rejected once, second time it worked. App stays at pending for one of the payments. Can you please remove one of them as it's wrong and clearly was declined?",cobro_incorrecto,no,,,cobro_incorrecto
6464,transaction_charged_twice,The first payment I attempted for my card at the store earlier did not process so I had to make a second attempt. The second time it worked. It now appears I was charged twice. After looking at the app I see a pending charge. Please remove the pending amount because it is clearly not accurate and was declined.,cobro_incorrecto,no,,,cobro_incorrecto
6465,transaction_charged_twice,I've got a repeated tranasaction on my card.,cobro_incorrecto,no,,,cobro_incorrecto
6468,transaction_charged_twice,Can you explain the various transaction times shown on my statement?,cobro_incorrecto,no,,,cobro_incorrecto
6471,transaction_charged_twice,Why was I charged twice for the same transaction?,cobro_incorrecto,no,,,cobro_incorrecto
6474,transaction_charged_twice,I think I was charged double for something I bought - how long should I wait before reporting this?,cobro_incorrecto,no,,,cobro_incorrecto
6477,transaction_charged_twice,Why is there are there two of the same transaction?,cobro_incorrecto,no,,,cobro_incorrecto
6479,transaction_charged_twice,I have have multiple charges for one transaction.,cobro_incorrecto,no,,,cobro_incorrecto
6565,verify_source_of_funds,Where do my fund come from?,fuera_de_alcance,no,,,fuera_de_alcance
6567,verify_source_of_funds,where can i see money source?,fuera_de_alcance,no,,,fuera_de_alcance
6578,verify_source_of_funds,Where is my top-up generated from?,fuera_de_alcance,no,,,fuera_de_alcance
6623,transfer_timing,What is the timeframe for a transfer in Europe?,fuera_de_alcance,no,,,fuera_de_alcance
6624,transfer_timing,How long do I have to wait for a US transfer?,fuera_de_alcance,no,,,fuera_de_alcance
6713,transfer_timing,What is the length of time for money to reach the account?,fuera_de_alcance,no,,,fuera_de_alcance
6731,reverted_card_payment?,My payment was terminated,fuera_de_alcance,no,,,fuera_de_alcance
6737,reverted_card_payment?,I bought something and already paid for it but now I don't see it.,fuera_de_alcance,no,,,fuera_de_alcance
6738,reverted_card_payment?,"I really wanted to buy something online but seems the card is not working as the payment suddenly came back! What's going on here, I've been trying for a good week or two.",fuera_de_alcance,no,,,fuera_de_alcance
6740,reverted_card_payment?,I made a payment but it was returned.,fuera_de_alcance,no,,,fuera_de_alcance
6746,reverted_card_payment?,"Hello,  I noticed the money for an item I purchased online and have already received has been returned to my checking account. Was there an issue with the merchant accepting my payment? Or, possibly, with the bank sending it?",fuera_de_alcance,no,,,fuera_de_alcance
6752,reverted_card_payment?,I believe that a card payment I made was cancelled.,fuera_de_alcance,no,,,fuera_de_alcance
6760,reverted_card_payment?,Why would my card payment get reverted?,fuera_de_alcance,no,,,fuera_de_alcance
6767,reverted_card_payment?,Is my card payment reverted?,fuera_de_alcance,no,,,fuera_de_alcance
6777,reverted_card_payment?,I received a message from a seller stating they hadn't received my money even though it definitely came out of my account. The money has now been deposited back into my account. Please get this resolved as soon as possible.,fuera_de_alcance,no,,,fuera_de_alcance
6778,reverted_card_payment?,I cancelled my card payment,fuera_de_alcance,no,,,fuera_de_alcance
6782,reverted_card_payment?,Looks like my card payment was cancelled.,fuera_de_alcance,no,,,fuera_de_alcance
6787,reverted_card_payment?,My card payments have stopped.,fuera_de_alcance,no,,,fuera_de_alcance
6788,reverted_card_payment?,My card payment was cancelled it seems.,fuera_de_alcance,no,,,fuera_de_alcance
6789,reverted_card_payment?,Why was a payment I made reverted?,fuera_de_alcance,no,,,fuera_de_alcance
6790,reverted_card_payment?,"I need help to resolve mix up on my card payment. My account shows the money was taken out and then put back in the account. Then I received a message from the seller, It said that they did not get my payment.",fuera_de_alcance,no,,,fuera_de_alcance
6791,reverted_card_payment?,Was my transaction reverted with my card?,fuera_de_alcance,no,,,fuera_de_alcance
6797,reverted_card_payment?,Why was a payment cancelled on my account?,fuera_de_alcance,no,,,fuera_de_alcance
6798,reverted_card_payment?,Card payment has be declined.,fuera_de_alcance,no,,,fuera_de_alcance
6800,reverted_card_payment?,My payment has been returned.,fuera_de_alcance,no,,,fuera_de_alcance
6801,reverted_card_payment?,What does it mean if my payment has been reverted?,fuera_de_alcance,no,,,fuera_de_alcance
6804,reverted_card_payment?,"I've got a problem - I bought something with my card one or two weeks ago, but now exact same amount of the purchase is showing up in my account. I like more money in my account, but this is too good to be true. Can you tell me what's happening?",fuera_de_alcance,no,,,fuera_de_alcance
6806,reverted_card_payment?,"I have an issue. I bought something within the past one to two weeks and have received one of the products; however, today the total was returned to my account. What's going on here?",fuera_de_alcance,no,,,fuera_de_alcance
6815,reverted_card_payment?,My card payment's cancelled,fuera_de_alcance,no,,,fuera_de_alcance
6817,reverted_card_payment?,Please help me with my card payments which keeps getting reverted whenever i do online shopping. I am having this problem since last two weeks.,fuera_de_alcance,no,,,fuera_de_alcance
6826,reverted_card_payment?,I think my card payment was reverted,fuera_de_alcance,no,,,fuera_de_alcance
6837,reverted_card_payment?,My card payment has not been withdrawn from my account,fuera_de_alcance,no,,,fuera_de_alcance
6844,reverted_card_payment?,Why has my money been returned back to my card.,fuera_de_alcance,no,,,fuera_de_alcance
6846,reverted_card_payment?,"I've got a weird problem: I purchased something a week or maybe it was two weeks ago, and the funds have come back into my account! Can you explain this?",fuera_de_alcance,no,,,fuera_de_alcance
6847,reverted_card_payment?,"I purchased something and the seller hasn't received the money yet, but it has been deducted from my account.",fuera_de_alcance,no,,,fuera_de_alcance
6850,reverted_card_payment?,why was my payment reverted on the app,fuera_de_alcance,no,,,fuera_de_alcance
6854,reverted_card_payment?,What happens if my card payment is cancelled?,fuera_de_alcance,no,,,fuera_de_alcance
6857,reverted_card_payment?,"My card payment reverted back, I think.",fuera_de_alcance,no,,,fuera_de_alcance
6859,reverted_card_payment?,How can I tell if my card payment is reverted?,fuera_de_alcance,no,,,fuera_de_alcance
6870,reverted_card_payment?,A seller is stating that they haven't received money yet when the money has already deducted from my account.,fuera_de_alcance,no,,,fuera_de_alcance
6872,reverted_card_payment?,The money is still in my account even though I already paid -- I don't understand what happened.,fuera_de_alcance,no,,,fuera_de_alcance
6874,reverted_card_payment?,"I noticed my card payment was cancelled, can you tell me why?",fuera_de_alcance,no,,,fuera_de_alcance
6880,reverted_card_payment?,My payment did not go through because the app reverted it,fuera_de_alcance,no,,,fuera_de_alcance
6938,change_pin,Can you tell me where  can change my PIN?,fuera_de_alcance,no,,,fuera_de_alcance
6989,change_pin,Can I change my PIN if I want to?,fuera_de_alcance,no,,,fuera_de_alcance
6992,change_pin,Do I have to go to an actual bank to change my PIN?,fuera_de_alcance,no,,,fuera_de_alcance
7021,beneficiary_not_allowed,What is the reason I couldn't do a transfer to a beneficiary?,fuera_de_alcance,no,,,fuera_de_alcance
7080,beneficiary_not_allowed,Just received a message that my transfer is not possible??  What is going on.  I have done this before with no issues.,fuera_de_alcance,no,,,fuera_de_alcance
7118,beneficiary_not_allowed,why wasn't a transfer to account approved,fuera_de_alcance,no,,,fuera_de_alcance
7144,beneficiary_not_allowed,Why cant I send money to a beneficiary?,fuera_de_alcance,no,,,fuera_de_alcance
7159,beneficiary_not_allowed,beneficiary transfer problems?,fuera_de_alcance,no,,,fuera_de_alcance
7191,transfer_fee_charged,Why am I seeing a transfer fee on my bank statement?,fuera_de_alcance,no,,,fuera_de_alcance
7221,transfer_fee_charged,"I thought transfers were free, why was I charged?",fuera_de_alcance,sí,cobro_incorrecto,aclaración comisiones: dice que la comisión/cargo está mal o no debió cobrarse,fuera_de_alcance
7245,transfer_fee_charged,I was under the impression I can make transfers for free. I made an online purchase for something that was obroad and there's some additional strange fee. I've never seen this before and this isn't fair.,fuera_de_alcance,sí,cobro_incorrecto,aclaración comisiones: dice que la comisión/cargo está mal o no debió cobrarse,fuera_de_alcance
7317,transfer_fee_charged,I did a transfer and was charged a fee that should not have been charged!,fuera_de_alcance,sí,cobro_incorrecto,aclaración comisiones: dice que la comisión/cargo está mal o no debió cobrarse,fuera_de_alcance
7352,receiving_money,How can people transfer money to me?,fuera_de_alcance,no,,,fuera_de_alcance
7400,receiving_money,How do I receive money from someone?,fuera_de_alcance,no,,,fuera_de_alcance
7447,failed_transfer,Why hasn't my transfer gone through,fuera_de_alcance,no,,,fuera_de_alcance
7458,failed_transfer,Why did my transfer fail?  What can I do?,fuera_de_alcance,no,,,fuera_de_alcance
7473,failed_transfer,Can you tell my why my funds transfer did not work properly?,fuera_de_alcance,no,,,fuera_de_alcance
7495,failed_transfer,What do I need to do to correct this failed transfer?,fuera_de_alcance,no,,,fuera_de_alcance
7649,transfer_into_account,I was wondering about transferring money into my account and how it works.  Can you tell me about that?,fuera_de_alcance,no,,,fuera_de_alcance
7651,transfer_into_account,I need to move money from one of my other accounts to this one.,fuera_de_alcance,no,,,fuera_de_alcance
7662,transfer_into_account,What can I expect if I use bank transfer to top up my account?,fuera_de_alcance,no,,,fuera_de_alcance
7733,verify_top_up,Where do I find my code to verify my top-up card?,fuera_de_alcance,no,,,fuera_de_alcance
7789,verify_top_up,What can I do to verify my card?,fuera_de_alcance,no,,,fuera_de_alcance
7833,getting_spare_card,Will I be charged if I add more cards to the account?,fuera_de_alcance,no,,,fuera_de_alcance
7834,getting_spare_card,How many cards am I allowed?,fuera_de_alcance,no,,,fuera_de_alcance
7923,getting_spare_card,"I need a second card, can I have more than one?",fuera_de_alcance,no,,,fuera_de_alcance
8017,top_up_by_cash_or_cheque,Can I purchase with cash or cheque?,fuera_de_alcance,no,,,fuera_de_alcance
8019,top_up_by_cash_or_cheque,Can I add to my account using a cheque?,fuera_de_alcance,no,,,fuera_de_alcance
8030,top_up_by_cash_or_cheque,i have been trying to top up my account with a check but it won't work,fuera_de_alcance,no,,,fuera_de_alcance
8102,order_physical_card,I would like a card please.,fuera_de_alcance,no,,,fuera_de_alcance
8152,order_physical_card,What locations are cards delivered to?,fuera_de_alcance,no,,,fuera_de_alcance
8155,order_physical_card,What fees do you charge for the standard card?,fuera_de_alcance,no,,,fuera_de_alcance
8167,virtual_card_not_working,Why isn't my disposable virtual card working?,fuera_de_alcance,no,,,fuera_de_alcance
8197,virtual_card_not_working,Please help me.  My disposable virtual card won't work right.,fuera_de_alcance,no,,,fuera_de_alcance
8210,wrong_exchange_rate_for_cash_withdrawal,Why is the fee for taking money out so high?  I feel I was overcharged and I would have never used this ATM if I would have known ahead of time.,cobro_incorrecto,no,,,cobro_incorrecto
8213,wrong_exchange_rate_for_cash_withdrawal,"I tried using a foreign currency at an ATM, but the ATM provided me an incorrect rate. Why is that?",cobro_incorrecto,no,,,cobro_incorrecto
8217,wrong_exchange_rate_for_cash_withdrawal,"Hello, in these holidays i have been overcharged on the amount i have withdrawn on one of your ATMs. I did not had any clue about the horrible charges otherwise i would not have withdrawn.",cobro_incorrecto,no,,,cobro_incorrecto
8220,wrong_exchange_rate_for_cash_withdrawal,The exchange rate is incorrect for my cash withdrawal transaction.,cobro_incorrecto,no,,,cobro_incorrecto
8223,wrong_exchange_rate_for_cash_withdrawal,"While abroad, I got cash, and the exchange rate applied is wrong.",cobro_incorrecto,no,,,cobro_incorrecto
8224,wrong_exchange_rate_for_cash_withdrawal,I think I was charged a different exchange rate than what was posted at the time.,cobro_incorrecto,no,,,cobro_incorrecto
8226,wrong_exchange_rate_for_cash_withdrawal,"I was overcharged at an ATM while on vacation. I needed cash so I had to use it, but your charges are outregous and I wish I would have known beforehand.",cobro_incorrecto,no,,,cobro_incorrecto
8227,wrong_exchange_rate_for_cash_withdrawal,The exchange rate for my withdrawal was wrong.,cobro_incorrecto,no,,,cobro_incorrecto
8232,wrong_exchange_rate_for_cash_withdrawal,When I made a cash transfer abroad the wrong exchange rate was applied,cobro_incorrecto,no,,,cobro_incorrecto
8234,wrong_exchange_rate_for_cash_withdrawal,I believe I got a wrong exchange rate when I got cash.,cobro_incorrecto,no,,,cobro_incorrecto
8237,wrong_exchange_rate_for_cash_withdrawal,"After I got my cash, I found out my exchange rate was wrong.",cobro_incorrecto,no,,,cobro_incorrecto
8238,wrong_exchange_rate_for_cash_withdrawal,Can you check the exchange rate on a cash transaction I did overseas,cobro_incorrecto,sí,fuera_de_alcance,"aclaración comisiones: pregunta cómo funciona o por qué existe, sin decir que está mal",fuera_de_alcance
8239,wrong_exchange_rate_for_cash_withdrawal,"I was abroad and needed some cash, but I think the wrong exchange rate was applied to the transaction.",cobro_incorrecto,no,,,cobro_incorrecto
8243,wrong_exchange_rate_for_cash_withdrawal,Someone may have made an error in figuring out the rate of exchange.  I should have received more cash than I did on my most recent withdrawal.,cobro_incorrecto,no,,,cobro_incorrecto
8246,wrong_exchange_rate_for_cash_withdrawal,I didnt get the correct exchange rate for getting cash,cobro_incorrecto,no,,,cobro_incorrecto
8249,wrong_exchange_rate_for_cash_withdrawal,I used the ATM to get money out and did not realize I would be charged as much as I was or I would not have done that!,cobro_incorrecto,no,,,cobro_incorrecto
8250,wrong_exchange_rate_for_cash_withdrawal,I didn't get the right amount of  cash because of the exchange rate.,cobro_incorrecto,no,,,cobro_incorrecto
8253,wrong_exchange_rate_for_cash_withdrawal,You've incorrectly calculated the exchange rate for my cash withdrawal,cobro_incorrecto,no,,,cobro_incorrecto
8254,wrong_exchange_rate_for_cash_withdrawal,I was needing you to see if the exchange rate is correct from when i got cash,cobro_incorrecto,no,,,cobro_incorrecto
8259,wrong_exchange_rate_for_cash_withdrawal,When I exchanged currencies the value of my money changed.,cobro_incorrecto,sí,fuera_de_alcance,"aclaración comisiones: pregunta cómo funciona o por qué existe, sin decir que está mal",fuera_de_alcance
8263,wrong_exchange_rate_for_cash_withdrawal,I exchanged cash when traveling and the rate was incorrect.,cobro_incorrecto,no,,,cobro_incorrecto
8264,wrong_exchange_rate_for_cash_withdrawal,what is the exchange rate when i get cash,cobro_incorrecto,sí,fuera_de_alcance,"aclaración comisiones: pregunta cómo funciona o por qué existe, sin decir que está mal",fuera_de_alcance
8268,wrong_exchange_rate_for_cash_withdrawal,"This past holiday I made a withdraw at the ATM machine, and it seems I've been charged too much.",cobro_incorrecto,no,,,cobro_incorrecto
8273,wrong_exchange_rate_for_cash_withdrawal,I didn't receive the correct amount of cash when I exchanged it overseas.,cobro_incorrecto,no,,,cobro_incorrecto
8274,wrong_exchange_rate_for_cash_withdrawal,"I needed some cash while abroad, and I'm pretty sure the wrong exchange rate was applied.",cobro_incorrecto,no,,,cobro_incorrecto
8275,wrong_exchange_rate_for_cash_withdrawal,I believe that the rate of exchange for my cash withdrawl is incorrect.,cobro_incorrecto,no,,,cobro_incorrecto
8276,wrong_exchange_rate_for_cash_withdrawal,what is the correct exchange rate for getting cash,cobro_incorrecto,no,,,cobro_incorrecto
8277,wrong_exchange_rate_for_cash_withdrawal,I'm unhappy with the exchange rate your cash transactions.,cobro_incorrecto,no,,,cobro_incorrecto
8281,wrong_exchange_rate_for_cash_withdrawal,I wasn't applied the correct exchange rate when getting cash,cobro_incorrecto,no,,,cobro_incorrecto
8283,wrong_exchange_rate_for_cash_withdrawal,Can I withdraw money in my hometown currency while on holiday without any additional fees?,cobro_incorrecto,sí,fuera_de_alcance,"aclaración comisiones: pregunta cómo funciona o por qué existe, sin decir que está mal",fuera_de_alcance
8284,wrong_exchange_rate_for_cash_withdrawal,Why is the exchange rate wrong for my cash withdrawal?,cobro_incorrecto,no,,,cobro_incorrecto
8285,wrong_exchange_rate_for_cash_withdrawal,I noticed the exchange rate for cash withdrawal isn't right.,cobro_incorrecto,no,,,cobro_incorrecto
8286,wrong_exchange_rate_for_cash_withdrawal,what is going on with my cash withdrawal? the exchange rate is wrong,cobro_incorrecto,no,,,cobro_incorrecto
8287,wrong_exchange_rate_for_cash_withdrawal,When I was abroad the exchange rate for me was wrong.,cobro_incorrecto,no,,,cobro_incorrecto
8290,wrong_exchange_rate_for_cash_withdrawal,The exchange rate was wrong?,cobro_incorrecto,no,,,cobro_incorrecto
8292,wrong_exchange_rate_for_cash_withdrawal,My rate is not right when I used my card in a different country's money.,cobro_incorrecto,no,,,cobro_incorrecto
8294,wrong_exchange_rate_for_cash_withdrawal,I got cash abroad and need to check the exchange rate,cobro_incorrecto,no,,,cobro_incorrecto
8298,wrong_exchange_rate_for_cash_withdrawal,I did not have the right exchange rate applied to my situation of pulling out cash,cobro_incorrecto,no,,,cobro_incorrecto
8301,wrong_exchange_rate_for_cash_withdrawal,I had the wrong exchange rate applied to some cash I got abroad.,cobro_incorrecto,no,,,cobro_incorrecto
8303,wrong_exchange_rate_for_cash_withdrawal,I found the exchange rate for my cash withdrawal is wrong,cobro_incorrecto,no,,,cobro_incorrecto
8304,wrong_exchange_rate_for_cash_withdrawal,The cash abroad exchange rate is applied wrong.,cobro_incorrecto,no,,,cobro_incorrecto
8305,wrong_exchange_rate_for_cash_withdrawal,The ATM I used for foreign currency provided the wrong exchange rate.,cobro_incorrecto,no,,,cobro_incorrecto
8306,wrong_exchange_rate_for_cash_withdrawal,what is the exchange rate for foreign ATMs,cobro_incorrecto,sí,fuera_de_alcance,"aclaración comisiones: pregunta cómo funciona o por qué existe, sin decir que está mal",fuera_de_alcance
8308,wrong_exchange_rate_for_cash_withdrawal,"Help me!  When I was abroad, the exchange rate was wrong.",cobro_incorrecto,no,,,cobro_incorrecto
8309,wrong_exchange_rate_for_cash_withdrawal,My cash withdrawl has the wrong rate of exchange.,cobro_incorrecto,no,,,cobro_incorrecto
8319,wrong_exchange_rate_for_cash_withdrawal,I am reluctant to use ATMs international because I don't get an accurate exchange rate,cobro_incorrecto,no,,,cobro_incorrecto
8320,wrong_exchange_rate_for_cash_withdrawal,I didn't receive the correct exchange rate when I got cash.,cobro_incorrecto,no,,,cobro_incorrecto
8322,wrong_exchange_rate_for_cash_withdrawal,I think the exchange rate for the cash I withdrew was wrong.,cobro_incorrecto,no,,,cobro_incorrecto
8323,wrong_exchange_rate_for_cash_withdrawal,Can i get money in my home currency at my ATM ?I am on holiday and bit concerned because i do not have any cash with me .Is it possible to withdraw without any additional cost.,cobro_incorrecto,sí,fuera_de_alcance,"aclaración comisiones: pregunta cómo funciona o por qué existe, sin decir que está mal",fuera_de_alcance
8326,wrong_exchange_rate_for_cash_withdrawal,I thought I was going to receive more currency?,cobro_incorrecto,no,,,cobro_incorrecto
8327,wrong_exchange_rate_for_cash_withdrawal,While on vacation I used an ATM to get cash and was overcharged. These charges are ridiculous and had I known about them I would have never used it.,cobro_incorrecto,no,,,cobro_incorrecto
8328,wrong_exchange_rate_for_cash_withdrawal,What is wrong with the exchange rate? This should have been a much higher amount of cash for that to apply.,cobro_incorrecto,no,,,cobro_incorrecto
8330,wrong_exchange_rate_for_cash_withdrawal,Please tell me how the exchange rate is determined. I was expecting more money for the transaction.,cobro_incorrecto,no,,,cobro_incorrecto
8332,wrong_exchange_rate_for_cash_withdrawal,I think that there was an error in calculating the exchange rate.  I recently withdrew cash and received much less than expected.,cobro_incorrecto,no,,,cobro_incorrecto
8334,wrong_exchange_rate_for_cash_withdrawal,I'm upset because I got charged a ridiculous fee when making an ATM withdrawal over a holiday weekend.  It didn't notify me beforehand either or I wouldn't have ever done it.,cobro_incorrecto,no,,,cobro_incorrecto
8335,wrong_exchange_rate_for_cash_withdrawal,"When I received my cash, the exchange rate was wrong.",cobro_incorrecto,no,,,cobro_incorrecto
8336,wrong_exchange_rate_for_cash_withdrawal,"I was using foreign currency at an ATM, but the rate was typed in wrong.",cobro_incorrecto,no,,,cobro_incorrecto
8343,wrong_exchange_rate_for_cash_withdrawal,The wrong exchange rate was used for my cash withdrawal,cobro_incorrecto,no,,,cobro_incorrecto
8345,wrong_exchange_rate_for_cash_withdrawal,I withdrew cash and I think the exchange rate is wrong.,cobro_incorrecto,no,,,cobro_incorrecto
8346,wrong_exchange_rate_for_cash_withdrawal,How do you figure out the exchange rate? Can you explain why I got less money than expected?,cobro_incorrecto,no,,,cobro_incorrecto
8347,wrong_exchange_rate_for_cash_withdrawal,I got cash and the exchange rate should have been different than it ended up being.,cobro_incorrecto,no,,,cobro_incorrecto
8350,wrong_exchange_rate_for_cash_withdrawal,"My ATM transaction shorted me on cash, and I think the exchange rate was wrong. Did I receive the correct rate?",cobro_incorrecto,no,,,cobro_incorrecto
8351,wrong_exchange_rate_for_cash_withdrawal,"I draw out money from your ATM during holidays, and was charged insanely. I wouldn't have done it, if i had a little sense about the shocking charges.",cobro_incorrecto,no,,,cobro_incorrecto
8353,wrong_exchange_rate_for_cash_withdrawal,When I got cash I believe that the exchange rate was wrong,cobro_incorrecto,no,,,cobro_incorrecto
8358,wrong_exchange_rate_for_cash_withdrawal,I am travelling and I tried to withdraw cash but didn't get what I was supposed to get.,cobro_incorrecto,no,,,cobro_incorrecto
8362,wrong_exchange_rate_for_cash_withdrawal,"Can I get money in my home currency at some ATM? I'm on holiday and am a bit concerned because I don't have any cash with me, it is possible to withdraw here already without any additional cost?",cobro_incorrecto,sí,fuera_de_alcance,"aclaración comisiones: pregunta cómo funciona o por qué existe, sin decir que está mal",fuera_de_alcance
8370,wrong_exchange_rate_for_cash_withdrawal,I think the exchange rate is wrong for my ATM withdrawal,cobro_incorrecto,no,,,cobro_incorrecto
8413,get_disposable_virtual_card,I need to get a disposable virtual card?,fuera_de_alcance,no,,,fuera_de_alcance
8416,get_disposable_virtual_card,How can disposable cards be used?,fuera_de_alcance,no,,,fuera_de_alcance
8431,get_disposable_virtual_card,Can you help me get a disposable virtual card?,fuera_de_alcance,no,,,fuera_de_alcance
8444,get_disposable_virtual_card,How can I get a virtual card for a one-time transaction?,fuera_de_alcance,no,,,fuera_de_alcance
8484,top_up_failed,I really need to top-up my card today urgently but my card keeps getting declined!! Can you please resolve this problem or try an alternative,fuera_de_alcance,no,,,fuera_de_alcance
8535,top_up_failed,My credit card got declined for top up! What's going on? Can you check on why it didn't go through?,fuera_de_alcance,no,,,fuera_de_alcance
8546,top_up_failed,My top-up was rejected,fuera_de_alcance,no,,,fuera_de_alcance
8548,top_up_failed,My top up doesn't work,fuera_de_alcance,no,,,fuera_de_alcance
8584,top_up_failed,"I tried again to top up my card after doing it a couple days ago when it had worked. Now, it doesn't seem to be working. Can you tell me what the deal is here please?",fuera_de_alcance,no,,,fuera_de_alcance
8643,balance_not_updated_after_bank_transfer,I was wondering if international transfers take longer than normal because I made a transfer from France a couple of days ago and nothing has happened yet?,fuera_de_alcance,no,,,fuera_de_alcance
8673,balance_not_updated_after_bank_transfer,I made a transfer but my balance hasn't been updated,fuera_de_alcance,no,,,fuera_de_alcance
8688,balance_not_updated_after_bank_transfer,"Hello, can you please inform me about international transfers? I am expecting a transfer I made from France two days ago and would like to know when it will arrive.",fuera_de_alcance,no,,,fuera_de_alcance
8753,balance_not_updated_after_bank_transfer,Why didn't the money I transferred into my account get added to my balance?,fuera_de_alcance,no,,,fuera_de_alcance
8784,cash_withdrawal_not_recognised,I looked on the app and it says I withdrew cash.  I didn't!,cargo_no_reconocido,no,,,cargo_no_reconocido
8786,cash_withdrawal_not_recognised,"I saw on the app that a cash withdrawal was completed on my account; however, I did not complete it.",cargo_no_reconocido,no,,,cargo_no_reconocido
8787,cash_withdrawal_not_recognised,I got a notice from my app that I withdrew cash but I don't remember doing so. How do I fix this?,cargo_no_reconocido,no,,,cargo_no_reconocido
8788,cash_withdrawal_not_recognised,"Someone has a copy of my card !! I definitely still have it here but someone just made a 500£ cash withdrawal, HELP!",cargo_no_reconocido,no,,,cargo_no_reconocido
8789,cash_withdrawal_not_recognised,Why do I see a random withdrawal in my app?,cargo_no_reconocido,no,,,cargo_no_reconocido
8790,cash_withdrawal_not_recognised,"Hello, Please look into this matter urgently. As i have lost my wallet and i can see one withdrawal, now i do not want to loose more money.",cargo_no_reconocido,sí,tarjeta_comprometida,"regla 1: menciona robo/pérdida/clonación/varias compras no hechas (""lost my wallet"")",tarjeta_comprometida
8793,cash_withdrawal_not_recognised,"I got a message saying I made a withdrawal from the bank machine, but I did not.",cargo_no_reconocido,no,,,cargo_no_reconocido
8794,cash_withdrawal_not_recognised,"Someone has copied my card. I have my card with me, but someone just made a 500£ cash withdrawal. Please help now.",cargo_no_reconocido,no,,,cargo_no_reconocido
8795,cash_withdrawal_not_recognised,"help, I see money missing I didn't take out.",cargo_no_reconocido,no,,,cargo_no_reconocido
8796,cash_withdrawal_not_recognised,My wallet was taken and I see that someone is using my card!   Please help me!,cargo_no_reconocido,sí,tarjeta_comprometida,"regla 1: menciona robo/pérdida/clonación/varias compras no hechas (""someone is using my card"")",tarjeta_comprometida
8799,cash_withdrawal_not_recognised,"A 500 pound cash withdrawal was just made from my account, but I didn't make it. I am pretty sure my card has been compromised - can you help me?",cargo_no_reconocido,sí,tarjeta_comprometida,"regla 1: menciona robo/pérdida/clonación/varias compras no hechas (""compromised"")",tarjeta_comprometida
8800,cash_withdrawal_not_recognised,I just lost my wallet and I think someone is using my card to withdraw my money. Can you please cancel or freeze my card?!!,cargo_no_reconocido,sí,tarjeta_comprometida,"regla 1: menciona robo/pérdida/clonación/varias compras no hechas (""lost my wallet"")",tarjeta_comprometida
8802,cash_withdrawal_not_recognised,What is this witdrawal,cargo_no_reconocido,no,,,cargo_no_reconocido
8803,cash_withdrawal_not_recognised,There's a cash withdrawal I didn't make,cargo_no_reconocido,no,,,cargo_no_reconocido
8806,cash_withdrawal_not_recognised,The app says I got cash from an ATM but I didn't,cargo_no_reconocido,no,,,cargo_no_reconocido
8807,cash_withdrawal_not_recognised,I see money go out that I didn't withdraw.,cargo_no_reconocido,no,,,cargo_no_reconocido
8808,cash_withdrawal_not_recognised,I lost my wallet and I think someone is withdrawing cash with my card. Please help. It is urgent.,cargo_no_reconocido,sí,tarjeta_comprometida,"regla 1: menciona robo/pérdida/clonación/varias compras no hechas (""lost my wallet"")",tarjeta_comprometida
8809,cash_withdrawal_not_recognised,Somebody stole my wallet and is using my card! Can you do something so they can't keep taking my money?,cargo_no_reconocido,sí,tarjeta_comprometida,"regla 1: menciona robo/pérdida/clonación/varias compras no hechas (""stole"")",tarjeta_comprometida
8810,cash_withdrawal_not_recognised,"Help! I think someone has a copy of my card - I still have my card, but a five hundred pound cash withdrawal that I didn't authorize is shown on my account.",cargo_no_reconocido,no,,,cargo_no_reconocido
8811,cash_withdrawal_not_recognised,I believe my card has been compromised as there's a cash withdrawal I don't recognize.,cargo_no_reconocido,sí,tarjeta_comprometida,"regla 1: menciona robo/pérdida/clonación/varias compras no hechas (""compromised"")",tarjeta_comprometida
8812,cash_withdrawal_not_recognised,I was checking my account when I saw a $500 cash withdraw that I know I didn't do.  I have my card so I don't understand how this happened.  Please help me.,cargo_no_reconocido,no,,,cargo_no_reconocido
8813,cash_withdrawal_not_recognised,"Hi, Could you please help me as someone has stolen my wallet few hours ago. And a withdrawal is made, please help immediately. As i don't want to suffer more.",cargo_no_reconocido,sí,tarjeta_comprometida,"regla 1: menciona robo/pérdida/clonación/varias compras no hechas (""stolen"")",tarjeta_comprometida
8814,cash_withdrawal_not_recognised,What should I do if I see an unauthorized withdrawal on my statement?,cargo_no_reconocido,no,,,cargo_no_reconocido
8815,cash_withdrawal_not_recognised,"A WD was just made on my account, but it was not me and I still have my card.  What to do?",cargo_no_reconocido,no,,,cargo_no_reconocido
8816,cash_withdrawal_not_recognised,Why is there extra cash in my account?,cargo_no_reconocido,no,,,cargo_no_reconocido
8817,cash_withdrawal_not_recognised,What is this cash withdrawal I don't recognize?,cargo_no_reconocido,no,,,cargo_no_reconocido
8819,cash_withdrawal_not_recognised,THere is some cash that is showing up on my app.,cargo_no_reconocido,no,,,cargo_no_reconocido
8820,cash_withdrawal_not_recognised,My wallet was just stolen and I see my account already has a withdrawal. Can you please help me.,cargo_no_reconocido,sí,tarjeta_comprometida,"regla 1: menciona robo/pérdida/clonación/varias compras no hechas (""stolen"")",tarjeta_comprometida
8822,cash_withdrawal_not_recognised,There is a cash withdrawal from an ATM listed but I don't remember making this withdrawal.,cargo_no_reconocido,no,,,cargo_no_reconocido
8823,cash_withdrawal_not_recognised,I saw there is a cash withdrawal from my account via the app which I did not complete.,cargo_no_reconocido,no,,,cargo_no_reconocido
8824,cash_withdrawal_not_recognised,The app says I made a cash withdrawal even though I didn't.,cargo_no_reconocido,no,,,cargo_no_reconocido
8825,cash_withdrawal_not_recognised,What is this cash withdrawal on my statement?,cargo_no_reconocido,no,,,cargo_no_reconocido
8826,cash_withdrawal_not_recognised,My app shows cash I didn't get.,cargo_no_reconocido,no,,,cargo_no_reconocido
8827,cash_withdrawal_not_recognised,I see non-received cash in my app.,cargo_no_reconocido,no,,,cargo_no_reconocido
8828,cash_withdrawal_not_recognised,The app is saying I made a withdrawl but I didn't.,cargo_no_reconocido,no,,,cargo_no_reconocido
8829,cash_withdrawal_not_recognised,I see cash in my app but I did not get it.,cargo_no_reconocido,no,,,cargo_no_reconocido
8830,cash_withdrawal_not_recognised,My app statement shows I took out cash from an ATM but I did not. What can I do?,cargo_no_reconocido,no,,,cargo_no_reconocido
8831,cash_withdrawal_not_recognised,I think someone may have cloned my card or something.  My card isn't lost but I just saw a charge of $500 cash withdraw.  Can you help me?,cargo_no_reconocido,sí,tarjeta_comprometida,"regla 1: menciona robo/pérdida/clonación/varias compras no hechas (""cloned"")",tarjeta_comprometida
8835,cash_withdrawal_not_recognised,My app is showing a cash balance that I did not receive.,cargo_no_reconocido,no,,,cargo_no_reconocido
8837,cash_withdrawal_not_recognised,"I am seeing in the app, some cash witdhrawals that I did not authorize.",cargo_no_reconocido,no,,,cargo_no_reconocido
8839,cash_withdrawal_not_recognised,"I am seeing unathorized transactions in the app, on my account.",cargo_no_reconocido,no,,,cargo_no_reconocido
8840,cash_withdrawal_not_recognised,I AM MISSING CASH FROM MY BANK ACCOUNT ACCORDING TO MY APP,cargo_no_reconocido,no,,,cargo_no_reconocido
8844,cash_withdrawal_not_recognised,There is unexpected money in my account.,cargo_no_reconocido,no,,,cargo_no_reconocido
8845,cash_withdrawal_not_recognised,I see a cash withdrawal in the app that I did not do.,cargo_no_reconocido,no,,,cargo_no_reconocido
8846,cash_withdrawal_not_recognised,Someone stole my wallet a couple of hours ago now and they have taken money from my account. Is there any way that you can help so I won't lose any more of my money.,cargo_no_reconocido,sí,tarjeta_comprometida,"regla 1: menciona robo/pérdida/clonación/varias compras no hechas (""stole"")",tarjeta_comprometida
8848,cash_withdrawal_not_recognised,The app says that I got cash in an ATM and I didn't,cargo_no_reconocido,no,,,cargo_no_reconocido
8849,cash_withdrawal_not_recognised,Please help me figure out the reason for the odd withdrawal amount from my account?,cargo_no_reconocido,no,,,cargo_no_reconocido
8850,cash_withdrawal_not_recognised,What do I do if I do not recognise a cash withdrawal?,cargo_no_reconocido,no,,,cargo_no_reconocido
8851,cash_withdrawal_not_recognised,I hope you can help me. Someone has stolen my wallet and now I have noticed that they have been taking money from my account.,cargo_no_reconocido,sí,tarjeta_comprometida,"regla 1: menciona robo/pérdida/clonación/varias compras no hechas (""stolen"")",tarjeta_comprometida
8852,cash_withdrawal_not_recognised,"There was money taken out of my account, and I'm pretty sure I didn't do it.",cargo_no_reconocido,no,,,cargo_no_reconocido
8853,cash_withdrawal_not_recognised,I was the victim of someone stealing my wallet.  My card is being used and it isn't me.  What should I do?,cargo_no_reconocido,no,,,cargo_no_reconocido
8854,cash_withdrawal_not_recognised,I think there's been an unauthorized cash withdrawal from my account.,cargo_no_reconocido,no,,,cargo_no_reconocido
8857,cash_withdrawal_not_recognised,My app shows a money withdrawal that I did not do.,cargo_no_reconocido,no,,,cargo_no_reconocido
8859,cash_withdrawal_not_recognised,I believe my card has been compromised because of a strange withdrawal,cargo_no_reconocido,sí,tarjeta_comprometida,"regla 1: menciona robo/pérdida/clonación/varias compras no hechas (""compromised"")",tarjeta_comprometida
8860,cash_withdrawal_not_recognised,There is money missing from my account.,cargo_no_reconocido,no,,,cargo_no_reconocido
8861,cash_withdrawal_not_recognised,"According to the app, I got cash from an ATM but I haven't made any transactions.",cargo_no_reconocido,no,,,cargo_no_reconocido
8862,cash_withdrawal_not_recognised,It is urgency. Please freeze my card now. As someone in some odd remote town has withdrawn some money by using my card. As i did not withdraw any money.,cargo_no_reconocido,no,,,cargo_no_reconocido
8863,cash_withdrawal_not_recognised,I am confused why there is cash I did not accept in my account,cargo_no_reconocido,no,,,cargo_no_reconocido
8865,cash_withdrawal_not_recognised,There is a cash withdrawal in my account that isn't mine.,cargo_no_reconocido,no,,,cargo_no_reconocido
8866,cash_withdrawal_not_recognised,There is a cash withdrawal on my statement that I did not make,cargo_no_reconocido,no,,,cargo_no_reconocido
8868,cash_withdrawal_not_recognised,"My bank app said that I got cash from an ATM, but that's a mistake.",cargo_no_reconocido,no,,,cargo_no_reconocido
8869,cash_withdrawal_not_recognised,"In the app, I see a withdrawal I didn't make.",cargo_no_reconocido,no,,,cargo_no_reconocido
8870,cash_withdrawal_not_recognised,"There are incorrect charges on my account, there was a WD that was made by someone else.  I still have my card though.",cargo_no_reconocido,no,,,cargo_no_reconocido
8874,cash_withdrawal_not_recognised,Somebody is taking money out of my account without my approval in another town separate from me. Please place a freeze on my account until I can make it to the bank.,cargo_no_reconocido,no,,,cargo_no_reconocido
8877,cash_withdrawal_not_recognised,My identity has been stolen. I still have my physical card but there are charges I didn't make on my account. How do I cancel this card or dispute the charges?,cargo_no_reconocido,sí,tarjeta_comprometida,"regla 1: menciona robo/pérdida/clonación/varias compras no hechas (""stolen"")",tarjeta_comprometida
8878,cash_withdrawal_not_recognised,"There was just a withdrawal but it wasn't me, I've never even visited the town where the withdrawal happened.",cargo_no_reconocido,no,,,cargo_no_reconocido
8879,cash_withdrawal_not_recognised,"I am using the app, and I see cash withdrawals that I did not authorize.",cargo_no_reconocido,no,,,cargo_no_reconocido
8880,cash_withdrawal_not_recognised,I did not make a cash withdrawal that is on my statement,cargo_no_reconocido,no,,,cargo_no_reconocido
8881,cash_withdrawal_not_recognised,The app shows a withdrawal that I did not make or authorize.,cargo_no_reconocido,no,,,cargo_no_reconocido
8882,cash_withdrawal_not_recognised,"Money was taken out without my consent,",cargo_no_reconocido,sí,tarjeta_comprometida,"regla 1: menciona robo/pérdida/clonación/varias compras no hechas (""without my consent"")",cargo_no_reconocido
8884,cash_withdrawal_not_recognised,How do I report a cash withdrawal that wasn't me?,cargo_no_reconocido,no,,,cargo_no_reconocido
8885,cash_withdrawal_not_recognised,Why is there some cash that I did not deposit in my account?,cargo_no_reconocido,no,,,cargo_no_reconocido
8888,cash_withdrawal_not_recognised,"Hello, Just now i got to know withdrawal of money from of my account. As someone used my card to withdraw amount in any odd remote area. Since i have not been in that area, please freeze my card immediately.",cargo_no_reconocido,sí,tarjeta_comprometida,"regla 1: menciona robo/pérdida/clonación/varias compras no hechas (""someone used my card"")",cargo_no_reconocido
8889,cash_withdrawal_not_recognised,There has a recent suspicious withdrawal on my bank account. Is it possible to freeze my card?,cargo_no_reconocido,no,,,cargo_no_reconocido
8892,cash_withdrawal_not_recognised,I am seeing in the App a some cash withdrawal that I did not do,cargo_no_reconocido,no,,,cargo_no_reconocido
8893,cash_withdrawal_not_recognised,I think somebody made an unauthorized copy of my card.  My account has a cash withdrawal for 500£ that I did not make.  Please help.,cargo_no_reconocido,no,,,cargo_no_reconocido
8895,cash_withdrawal_not_recognised,"Someone is using my card to purchase flights to New York it's not me because I'm not going to New York, please can you cancel the card and refund the money?",cargo_no_reconocido,sí,tarjeta_comprometida,"regla 1: menciona robo/pérdida/clonación/varias compras no hechas (""someone is using my card"")",tarjeta_comprometida
8896,cash_withdrawal_not_recognised,I noticed that there is a withdrawal in the app that is not mine.,cargo_no_reconocido,no,,,cargo_no_reconocido
8897,cash_withdrawal_not_recognised,"Some cash was withdrawn in the app, but I did not do it.",cargo_no_reconocido,no,,,cargo_no_reconocido
8898,cash_withdrawal_not_recognised,My wallet got stolen a couple hours ago and now I've seen there already is a withdrawal. Help this is absolutely urgent I don't want to loose more money,cargo_no_reconocido,sí,tarjeta_comprometida,"regla 1: menciona robo/pérdida/clonación/varias compras no hechas (""stolen"")",tarjeta_comprometida
8899,cash_withdrawal_not_recognised,A withdrawal is showing that I don't recognize,cargo_no_reconocido,no,,,cargo_no_reconocido
8901,cash_withdrawal_not_recognised,What is this withdrawal as I do not remember making it.,cargo_no_reconocido,no,,,cargo_no_reconocido
8902,cash_withdrawal_not_recognised,I have my card here with me and someone has just made a withdrawal for 500. Please help!,cargo_no_reconocido,no,,,cargo_no_reconocido
8903,cash_withdrawal_not_recognised,I have a cash withdrawal that I do not recognise.,cargo_no_reconocido,no,,,cargo_no_reconocido
8904,cash_withdrawal_not_recognised,Someone else used my card to withdraw cash from an ATM,cargo_no_reconocido,sí,tarjeta_comprometida,"regla 1: menciona robo/pérdida/clonación/varias compras no hechas (""someone else used my card"")",tarjeta_comprometida
8906,cash_withdrawal_not_recognised,I want my card frozen right away. Money was taken out in an odd location I have never heard of.,cargo_no_reconocido,no,,,cargo_no_reconocido
8907,cash_withdrawal_not_recognised,I need my card frozen cause it was used without my consent to take money out. It was in an odd place.,cargo_no_reconocido,sí,tarjeta_comprometida,"regla 1: menciona robo/pérdida/clonación/varias compras no hechas (""without my consent"")",tarjeta_comprometida
8908,cash_withdrawal_not_recognised,There's a $200 withdrawal on my statement that seems fishy to me.,cargo_no_reconocido,no,,,cargo_no_reconocido
8909,cash_withdrawal_not_recognised,There's a cash withdrawal on my account that I didn't make,cargo_no_reconocido,no,,,cargo_no_reconocido
8910,cash_withdrawal_not_recognised,Why is there a cash withdrawal I didn't make?,cargo_no_reconocido,no,,,cargo_no_reconocido
8911,cash_withdrawal_not_recognised,The app says I made a cash withdrawal that I didn't make,cargo_no_reconocido,no,,,cargo_no_reconocido
8912,cash_withdrawal_not_recognised,Help! I think someone has made a cash withdrawal with my card!,cargo_no_reconocido,no,,,cargo_no_reconocido
8916,cash_withdrawal_not_recognised,How can I verify if a cash withdrawal was made from my account? I still have my card with me but I did not authorize the withdrawal that just occurred.,cargo_no_reconocido,no,,,cargo_no_reconocido
8917,cash_withdrawal_not_recognised,"I think someone might have a copy of my card because a 500 dollar withdrawal was made, and it wasn't me. Can you please help?",cargo_no_reconocido,no,,,cargo_no_reconocido
8919,cash_withdrawal_not_recognised,Why is my app showing me taking money that I did not take out?,cargo_no_reconocido,no,,,cargo_no_reconocido
8920,cash_withdrawal_not_recognised,"I see in the app some cash was withdrawn, but it's not mine.",cargo_no_reconocido,no,,,cargo_no_reconocido
8921,cash_withdrawal_not_recognised,There is a withdrawal in my account I didn't make.,cargo_no_reconocido,no,,,cargo_no_reconocido
8922,cash_withdrawal_not_recognised,What is the strange cash withdrawal on my statement?,cargo_no_reconocido,no,,,cargo_no_reconocido
8923,cash_withdrawal_not_recognised,Why would the app show a withdrawal that I did not make?,cargo_no_reconocido,no,,,cargo_no_reconocido
8924,cash_withdrawal_not_recognised,I have a cash withdrawal in my statement. Why is that?,cargo_no_reconocido,no,,,cargo_no_reconocido
8925,cash_withdrawal_not_recognised,i didnt put that money in my account,cargo_no_reconocido,no,,,cargo_no_reconocido
8926,cash_withdrawal_not_recognised,Some cash withdrawal that I didn't make showed up in the app.,cargo_no_reconocido,no,,,cargo_no_reconocido
8927,cash_withdrawal_not_recognised,There is a cash withdrawl I don't remember.,cargo_no_reconocido,no,,,cargo_no_reconocido
8928,cash_withdrawal_not_recognised,"Someone stole my account, there's a withdrawal but it wasn't me, can we put a stop to it please?",cargo_no_reconocido,sí,tarjeta_comprometida,"regla 1: menciona robo/pérdida/clonación/varias compras no hechas (""stole"")",tarjeta_comprometida
8929,cash_withdrawal_not_recognised,There are funds showing in my app that I did not receive.,cargo_no_reconocido,no,,,cargo_no_reconocido
8930,cash_withdrawal_not_recognised,I didn't withdraw cash but I see that transaction on my app,cargo_no_reconocido,no,,,cargo_no_reconocido
8931,cash_withdrawal_not_recognised,I have a cash withdrawal that I don't recognize.,cargo_no_reconocido,no,,,cargo_no_reconocido
8932,cash_withdrawal_not_recognised,"My wallet was just stolen, and they've already used my card! Please help, I can't afford to lose more money!",cargo_no_reconocido,sí,tarjeta_comprometida,"regla 1: menciona robo/pérdida/clonación/varias compras no hechas (""stolen"")",tarjeta_comprometida
8934,cash_withdrawal_not_recognised,Help!  There is a cash withdrawl on the account that I didn't make!,cargo_no_reconocido,no,,,cargo_no_reconocido
8936,cash_withdrawal_not_recognised,The app is showing mt withdrawals that aren't  mine.,cargo_no_reconocido,no,,,cargo_no_reconocido
8937,cash_withdrawal_not_recognised,"My app says I made a withdrawal, but I didn't.",cargo_no_reconocido,no,,,cargo_no_reconocido
8938,cash_withdrawal_not_recognised,There is random cash in my account.,cargo_no_reconocido,no,,,cargo_no_reconocido
8939,cash_withdrawal_not_recognised,A cash withdrawal that I didn't authorize is shown on my account - can you please cancel my card as soon as possible?,cargo_no_reconocido,no,,,cargo_no_reconocido
8940,cash_withdrawal_not_recognised,Cash I did not get showed up in my account,cargo_no_reconocido,no,,,cargo_no_reconocido
8942,cash_withdrawal_not_recognised,"There has been an unusual withdrawal from my account, can you help?",cargo_no_reconocido,no,,,cargo_no_reconocido
8943,cash_withdrawal_not_recognised,Some cash I didn't get shows in my app,cargo_no_reconocido,no,,,cargo_no_reconocido
8999,exchange_charge,What do you charge for an exchange fee?,fuera_de_alcance,no,,,fuera_de_alcance
9049,exchange_charge,"My job requires me to do a lot of exchanging currency, and I was wondering about any possible discounts or lower prices.",fuera_de_alcance,no,,,fuera_de_alcance
9052,exchange_charge,are there any exchange fees,fuera_de_alcance,no,,,fuera_de_alcance
9149,top_up_by_card_charge,What top up charges are there for US cards?,fuera_de_alcance,no,,,fuera_de_alcance
9151,top_up_by_card_charge,Will you charge an extra fee for top ups?,fuera_de_alcance,no,,,fuera_de_alcance
9162,top_up_by_card_charge,What fees are there for adding money using an international card,fuera_de_alcance,no,,,fuera_de_alcance
9194,activate_my_card,It won't let me activate my card.,fuera_de_alcance,no,,,fuera_de_alcance
9255,activate_my_card,What is the process for activating a new card.,fuera_de_alcance,no,,,fuera_de_alcance
9261,activate_my_card,How do I activate my card so I can start using it?,fuera_de_alcance,no,,,fuera_de_alcance
9290,activate_my_card,Card activation steps,fuera_de_alcance,no,,,fuera_de_alcance
9347,cash_withdrawal_charge,I withdrew cash and was charged,fuera_de_alcance,sí,fuera_de_alcance,"comisión: pregunta por qué existe o cuánto cuesta (aclaración de comisiones); clase mixta, revisar",fuera_de_alcance
9353,cash_withdrawal_charge,I don't understand why I was charged extra for withdrawing money?,fuera_de_alcance,sí,fuera_de_alcance,"comisión: pregunta por qué existe o cuánto cuesta (aclaración de comisiones); clase mixta, revisar",fuera_de_alcance
9354,cash_withdrawal_charge,I made a transaction at an atm and was charged extra for it.,fuera_de_alcance,sí,fuera_de_alcance,"comisión: pregunta por qué existe o cuánto cuesta (aclaración de comisiones); clase mixta, revisar",fuera_de_alcance
9356,cash_withdrawal_charge,Why was I charged for cash withdrawal?,fuera_de_alcance,sí,fuera_de_alcance,"comisión: pregunta por qué existe o cuánto cuesta (aclaración de comisiones); clase mixta, revisar",fuera_de_alcance
9357,cash_withdrawal_charge,Why was there a fee on my cash withdrawal?,fuera_de_alcance,sí,fuera_de_alcance,"comisión: pregunta por qué existe o cuánto cuesta (aclaración de comisiones); clase mixta, revisar",fuera_de_alcance
9362,cash_withdrawal_charge,Why did using an ATM cause me to have an extra fee charged?,fuera_de_alcance,sí,fuera_de_alcance,"comisión: pregunta por qué existe o cuánto cuesta (aclaración de comisiones); clase mixta, revisar",fuera_de_alcance
9363,cash_withdrawal_charge,"Why am I being charged for ATM cash withdrawals? The only reason I use it is because it's been free! Now you expect me to pay for them, and how much is that going to cost me?",fuera_de_alcance,sí,fuera_de_alcance,"comisión: pregunta por qué existe o cuánto cuesta (aclaración de comisiones); clase mixta, revisar",fuera_de_alcance
9367,cash_withdrawal_charge,Why was i charged for making a withdrawal? After i went grocery shopping i withdrew some money from my account and now there is another charge.,fuera_de_alcance,sí,fuera_de_alcance,"comisión: pregunta por qué existe o cuánto cuesta (aclaración de comisiones); clase mixta, revisar",fuera_de_alcance
9368,cash_withdrawal_charge,Do you charge for making a withdrawal? I took some money out of my account earlier and I was charged for this.,fuera_de_alcance,sí,fuera_de_alcance,"comisión: pregunta por qué existe o cuánto cuesta (aclaración de comisiones); clase mixta, revisar",fuera_de_alcance
9376,cash_withdrawal_charge,How much can I withdrawal in one month without incurring fees?,fuera_de_alcance,sí,fuera_de_alcance,"comisión: pregunta por qué existe o cuánto cuesta (aclaración de comisiones); clase mixta, revisar",fuera_de_alcance
9383,cash_withdrawal_charge,"Hello, I wanted to get some more information about ATM Withdraw Fee. I have been withdrawing money for years and notice this charge on my account. I always thought it was no fee since its you guys ATM company that I am withdrawing. Can you please explain?",cobro_incorrecto,sí,cobro_incorrecto,"comisión: la considera indebida o mal cobrada (aclaración de comisiones); clase mixta, revisar",fuera_de_alcance
9393,cash_withdrawal_charge,I thought it was free to make a withdrawal. So how much does it cost now?,cobro_incorrecto,sí,cobro_incorrecto,"comisión: la considera indebida o mal cobrada (aclaración de comisiones); clase mixta, revisar",fuera_de_alcance
9404,cash_withdrawal_charge,I should not have been charged a fee for cash withdrawal.,cobro_incorrecto,sí,cobro_incorrecto,"comisión: la considera indebida o mal cobrada (aclaración de comisiones); clase mixta, revisar",fuera_de_alcance
9405,cash_withdrawal_charge,I got charged a fee that shouldn't be there from my cash,cobro_incorrecto,sí,cobro_incorrecto,"comisión: la considera indebida o mal cobrada (aclaración de comisiones); clase mixta, revisar",fuera_de_alcance
9407,cash_withdrawal_charge,"I want to get some cash from the ATM using my card but I dont want to be charged any fees. Ive taken some money out before with no fees, but recently Ive been getting charged. Why?",fuera_de_alcance,sí,fuera_de_alcance,"comisión: pregunta por qué existe o cuánto cuesta (aclaración de comisiones); clase mixta, revisar",fuera_de_alcance
9411,cash_withdrawal_charge,Please help!  There was an extra fee when I got cash.,fuera_de_alcance,sí,fuera_de_alcance,"comisión: pregunta por qué existe o cuánto cuesta (aclaración de comisiones); clase mixta, revisar",cobro_incorrecto
9413,cash_withdrawal_charge,Can you tell me why I was charged to withdraw cash?,fuera_de_alcance,sí,fuera_de_alcance,"comisión: pregunta por qué existe o cuánto cuesta (aclaración de comisiones); clase mixta, revisar",fuera_de_alcance
9417,cash_withdrawal_charge,Will I be charged for a cash withdrawal?,fuera_de_alcance,sí,fuera_de_alcance,"comisión: pregunta por qué existe o cuánto cuesta (aclaración de comisiones); clase mixta, revisar",fuera_de_alcance
9422,cash_withdrawal_charge,I used an ATM and wanted to know why I was charged an extra fee.,fuera_de_alcance,sí,fuera_de_alcance,"comisión: pregunta por qué existe o cuánto cuesta (aclaración de comisiones); clase mixta, revisar",fuera_de_alcance
9424,cash_withdrawal_charge,"I was charged a fee when withdrawing cash, can you explain why?",fuera_de_alcance,sí,fuera_de_alcance,"comisión: pregunta por qué existe o cuánto cuesta (aclaración de comisiones); clase mixta, revisar",fuera_de_alcance
9431,cash_withdrawal_charge,Is there always a charge when withdrawing money?,fuera_de_alcance,sí,fuera_de_alcance,"comisión: pregunta por qué existe o cuánto cuesta (aclaración de comisiones); clase mixta, revisar",fuera_de_alcance
9433,cash_withdrawal_charge,Make me understand why I am charged an extra fee when I use the ATM.,fuera_de_alcance,sí,fuera_de_alcance,"comisión: pregunta por qué existe o cuánto cuesta (aclaración de comisiones); clase mixta, revisar",fuera_de_alcance
9434,cash_withdrawal_charge,Why am I being charge a fee when using an ATM?,fuera_de_alcance,sí,fuera_de_alcance,"comisión: pregunta por qué existe o cuánto cuesta (aclaración de comisiones); clase mixta, revisar",fuera_de_alcance
9435,cash_withdrawal_charge,I was under the impression ATM cash withdrawals were free. Why was I suddenly charged for my most recent ATM transaction?,cobro_incorrecto,sí,cobro_incorrecto,"comisión: la considera indebida o mal cobrada (aclaración de comisiones); clase mixta, revisar",fuera_de_alcance
9436,cash_withdrawal_charge,I didn't realize that there were any fees for withdrawing money from my account--this has never happened to me before.  What exactly are the fees?,fuera_de_alcance,sí,fuera_de_alcance,"comisión: pregunta por qué existe o cuánto cuesta (aclaración de comisiones); clase mixta, revisar",fuera_de_alcance
9442,cash_withdrawal_charge,Why am I being charged for withdrawing cash but haven't in the past?,fuera_de_alcance,sí,fuera_de_alcance,"comisión: pregunta por qué existe o cuánto cuesta (aclaración de comisiones); clase mixta, revisar",fuera_de_alcance
9446,cash_withdrawal_charge,I made a cash withdrawal and was charged a fee incorrectly can you help with this?,cobro_incorrecto,sí,cobro_incorrecto,"comisión: la considera indebida o mal cobrada (aclaración de comisiones); clase mixta, revisar",cobro_incorrecto
9449,cash_withdrawal_charge,There was an unexpected fee for my cash withdrawal!,cobro_incorrecto,sí,cobro_incorrecto,"comisión: la considera indebida o mal cobrada (aclaración de comisiones); clase mixta, revisar",cobro_incorrecto
9450,cash_withdrawal_charge,There was an extra fee on my account when I got cash.,fuera_de_alcance,sí,fuera_de_alcance,"comisión: pregunta por qué existe o cuánto cuesta (aclaración de comisiones); clase mixta, revisar",fuera_de_alcance
9455,cash_withdrawal_charge,Why do I see extra charges for withdrawing my money?,fuera_de_alcance,sí,fuera_de_alcance,"comisión: pregunta por qué existe o cuánto cuesta (aclaración de comisiones); clase mixta, revisar",fuera_de_alcance
9456,cash_withdrawal_charge,Anytime I've made an ATM withdrawal before it has always been free. I now say that I have been charged for my most recent ATM withdrawal. What's going on here?,fuera_de_alcance,sí,fuera_de_alcance,"comisión: pregunta por qué existe o cuánto cuesta (aclaración de comisiones); clase mixta, revisar",fuera_de_alcance
9458,cash_withdrawal_charge,I saw a fee on my receipt from withdrawing money while shopping earlier.  Is there supposed to be a fee for this type of transaction?,fuera_de_alcance,sí,fuera_de_alcance,"comisión: pregunta por qué existe o cuánto cuesta (aclaración de comisiones); clase mixta, revisar",fuera_de_alcance
9462,cash_withdrawal_charge,Have you started charging for cash withdrawals? I always thought it was free until I noticed this fee. How much is the fee?,cobro_incorrecto,sí,cobro_incorrecto,"comisión: la considera indebida o mal cobrada (aclaración de comisiones); clase mixta, revisar",fuera_de_alcance
9466,cash_withdrawal_charge,Why was I charged when taking out money?,fuera_de_alcance,sí,fuera_de_alcance,"comisión: pregunta por qué existe o cuánto cuesta (aclaración de comisiones); clase mixta, revisar",fuera_de_alcance
9473,cash_withdrawal_charge,What was the extra charge for withdrawing money?,fuera_de_alcance,sí,fuera_de_alcance,"comisión: pregunta por qué existe o cuánto cuesta (aclaración de comisiones); clase mixta, revisar",fuera_de_alcance
9475,cash_withdrawal_charge,Why is there a fee for cash withdrawal?,fuera_de_alcance,sí,fuera_de_alcance,"comisión: pregunta por qué existe o cuánto cuesta (aclaración de comisiones); clase mixta, revisar",fuera_de_alcance
9476,cash_withdrawal_charge,Why did using an ATM cause me to be charged an additional fee?,fuera_de_alcance,sí,fuera_de_alcance,"comisión: pregunta por qué existe o cuánto cuesta (aclaración de comisiones); clase mixta, revisar",fuera_de_alcance
9477,cash_withdrawal_charge,Why did I get a fee from the ATM?,fuera_de_alcance,sí,fuera_de_alcance,"comisión: pregunta por qué existe o cuánto cuesta (aclaración de comisiones); clase mixta, revisar",fuera_de_alcance
9480,cash_withdrawal_charge,i withdraw cash from the ATM and was charged a fee,fuera_de_alcance,sí,fuera_de_alcance,"comisión: pregunta por qué existe o cuánto cuesta (aclaración de comisiones); clase mixta, revisar",fuera_de_alcance
9484,cash_withdrawal_charge,Why do I have a charge for an ATM withdrawal? I thought these were free?,cobro_incorrecto,sí,cobro_incorrecto,"comisión: la considera indebida o mal cobrada (aclaración de comisiones); clase mixta, revisar",fuera_de_alcance
9491,cash_withdrawal_charge,I have a strange transaction on my account which appears to pertain to a cash withdrawal I made outside Nandos in Leeds.  What is that for?  Is it fraud?,fuera_de_alcance,sí,tarjeta_comprometida,"regla 1: menciona robo/pérdida/clonación/varias compras no hechas (""fraud""); clase mixta (comisiones)",fuera_de_alcance
9492,cash_withdrawal_charge,Why did you charge me for taking out cash?,fuera_de_alcance,sí,fuera_de_alcance,"comisión: pregunta por qué existe o cuánto cuesta (aclaración de comisiones); clase mixta, revisar",fuera_de_alcance
9497,cash_withdrawal_charge,Why am I charged whenever I withdraw cash?,fuera_de_alcance,sí,fuera_de_alcance,"comisión: pregunta por qué existe o cuánto cuesta (aclaración de comisiones); clase mixta, revisar",fuera_de_alcance
9499,cash_withdrawal_charge,I used an ATM and there was an extra charge.,fuera_de_alcance,sí,fuera_de_alcance,"comisión: pregunta por qué existe o cuánto cuesta (aclaración de comisiones); clase mixta, revisar",fuera_de_alcance
9501,cash_withdrawal_charge,Why was there an extra charge with the withdrawal of my money?,fuera_de_alcance,sí,fuera_de_alcance,"comisión: pregunta por qué existe o cuánto cuesta (aclaración de comisiones); clase mixta, revisar",fuera_de_alcance
9508,cash_withdrawal_charge,What is the fee for a cash withdrawal?,fuera_de_alcance,sí,fuera_de_alcance,"comisión: pregunta por qué existe o cuánto cuesta (aclaración de comisiones); clase mixta, revisar",fuera_de_alcance
9510,cash_withdrawal_charge,I used my card to get cash then I was charged a fee that I shouldn't have been charged.,cobro_incorrecto,sí,cobro_incorrecto,"comisión: la considera indebida o mal cobrada (aclaración de comisiones); clase mixta, revisar",cobro_incorrecto
9514,cash_withdrawal_charge,Why is there a fee for getting cash?,fuera_de_alcance,sí,fuera_de_alcance,"comisión: pregunta por qué existe o cuánto cuesta (aclaración de comisiones); clase mixta, revisar",fuera_de_alcance
9544,card_about_to_expire,Tell me what I should do after my card expires.,fuera_de_alcance,no,,,fuera_de_alcance
9545,card_about_to_expire,How do I know when my card will expire?,fuera_de_alcance,no,,,fuera_de_alcance
9634,card_about_to_expire,Help me order a new card that's going to be expired soon.,fuera_de_alcance,no,,,fuera_de_alcance
9700,apple_pay_or_google_pay,Is topping up with Apple Pay possible?,fuera_de_alcance,no,,,fuera_de_alcance
9761,apple_pay_or_google_pay,"Can you please assist me in Apple Pay, in getting Top Up to work?",fuera_de_alcance,no,,,fuera_de_alcance
9789,verify_my_identity,What will I need to verify my identity,fuera_de_alcance,no,,,fuera_de_alcance
9852,verify_my_identity,What are acceptable documents to prove my identity?,fuera_de_alcance,no,,,fuera_de_alcance
9867,verify_my_identity,What documents do I need for the identity check?,fuera_de_alcance,no,,,fuera_de_alcance
9903,country_support,What are the countries that you operate in?,fuera_de_alcance,no,,,fuera_de_alcance
9904,country_support,Which countries are supported,fuera_de_alcance,no,,,fuera_de_alcance
9993,country_support,can I use it all over the world?,fuera_de_alcance,no,,,fuera_de_alcance
10118,exchange_rate,why do your exchange rates change,fuera_de_alcance,no,,,fuera_de_alcance
10123,card_payment_wrong_exchange_rate,I purchased something in a foreign currency but the rate applied is wrong,cobro_incorrecto,no,,,cobro_incorrecto
10124,card_payment_wrong_exchange_rate,I made a currency exchange and think I was charged more than I should of been.,cobro_incorrecto,no,,,cobro_incorrecto
10126,card_payment_wrong_exchange_rate,The exchange rate was wrong when I bought something outside the country.,cobro_incorrecto,no,,,cobro_incorrecto
10127,card_payment_wrong_exchange_rate,The exchange rate on my purchase is wrong.,cobro_incorrecto,no,,,cobro_incorrecto
10131,card_payment_wrong_exchange_rate,I bought something in a foreign currency but the rate applied is wrong!,cobro_incorrecto,no,,,cobro_incorrecto
10132,card_payment_wrong_exchange_rate,My exchange went wrong. I swapped Russian Ruble for UK pounds and was charged too much.,cobro_incorrecto,no,,,cobro_incorrecto
10133,card_payment_wrong_exchange_rate,You did not apply the correct exchange rate for an item that I bought.,cobro_incorrecto,no,,,cobro_incorrecto
10136,card_payment_wrong_exchange_rate,Why is the exchange rate wrong when I purchase something abroad?,cobro_incorrecto,no,,,cobro_incorrecto
10140,card_payment_wrong_exchange_rate,Why is your exchange rate for my card payment wrong,cobro_incorrecto,no,,,cobro_incorrecto
10145,card_payment_wrong_exchange_rate,They charged me wrong for a currency exchange on a purchase.,cobro_incorrecto,no,,,cobro_incorrecto
10149,card_payment_wrong_exchange_rate,"The exchange rate given to me wasn't correct, after i purchased an item",cobro_incorrecto,no,,,cobro_incorrecto
10150,card_payment_wrong_exchange_rate,"Hi, I don't think your exchange rate is right. I need you to check the official interbank exchange please.",cobro_incorrecto,no,,,cobro_incorrecto
10152,card_payment_wrong_exchange_rate,I wasn't applied the correct exchange rate for an item I bought,cobro_incorrecto,no,,,cobro_incorrecto
10158,card_payment_wrong_exchange_rate,Why is my exchange rate wrong for an item I bought?,cobro_incorrecto,no,,,cobro_incorrecto
10160,card_payment_wrong_exchange_rate,Your exchange rate is totally wrong for my card payment,cobro_incorrecto,no,,,cobro_incorrecto
10161,card_payment_wrong_exchange_rate,The wrong rate was applied to an item I bought in a currency different from mine. Can this be changed?,cobro_incorrecto,no,,,cobro_incorrecto
10164,extra_charge_on_statement,Why is there a fee for an extra pound in my statement?,cobro_incorrecto,no,,,cobro_incorrecto
10166,extra_charge_on_statement,Why is there an extra dollar charged to my account?,cobro_incorrecto,no,,,cobro_incorrecto
10167,extra_charge_on_statement,There is a fee I don't recognize on my statement.,cobro_incorrecto,sí,cargo_no_reconocido,"regla 4: no reconoce el cargo (""don't recognize"")",cargo_no_reconocido
10172,extra_charge_on_statement,"I do not remember purchasing anything for 1£, and it is on my statement. Can you please tell me what that is about?",cobro_incorrecto,sí,cargo_no_reconocido,"regla 4: no reconoce el cargo (""do not remember"")",cargo_no_reconocido
10173,extra_charge_on_statement,I can see an extra 1£ charge on my app. Why did you charge me extra?,cobro_incorrecto,no,,,cobro_incorrecto
10175,extra_charge_on_statement,When will the $1 transaction be credited to me?,cobro_incorrecto,sí,cargo_no_reconocido,"regla 4: pregunta qué es un cargo que no identifica, sin decir que está mal",fuera_de_alcance
10176,extra_charge_on_statement,Where did this fee come from?,cobro_incorrecto,sí,fuera_de_alcance,"aclaración comisiones: pregunta cómo funciona o por qué existe, sin decir que está mal",cargo_no_reconocido
10180,extra_charge_on_statement,Why is there an extra 1 pound charge on my card?,cobro_incorrecto,no,,,cobro_incorrecto
10189,extra_charge_on_statement,There is an extra charge on my app that I was not told about or I was aware of!,cobro_incorrecto,no,,,cobro_incorrecto
10190,extra_charge_on_statement,I am seeing an extra fee on my statement what is that for?,cobro_incorrecto,no,,,cobro_incorrecto
10192,extra_charge_on_statement,"I am a new customer, and I happened to look at my app and there is a charge I am not familiar with.  Could you tell me why the extra charge is there?",cobro_incorrecto,no,,,cobro_incorrecto
10196,extra_charge_on_statement,What is the purpose of the extra fee that is showing up on my statement?,cobro_incorrecto,sí,fuera_de_alcance,"aclaración comisiones: pregunta cómo funciona o por qué existe, sin decir que está mal",fuera_de_alcance
10198,extra_charge_on_statement,What is the extra  €1 fee in my statement,cobro_incorrecto,sí,fuera_de_alcance,"aclaración comisiones: pregunta cómo funciona o por qué existe, sin decir que está mal",fuera_de_alcance
10200,extra_charge_on_statement,What is the €1 fee for?,cobro_incorrecto,sí,fuera_de_alcance,"aclaración comisiones: pregunta cómo funciona o por qué existe, sin decir que está mal",fuera_de_alcance
10207,pending_cash_withdrawal,How long does the cash withdrawal take to pend?,fuera_de_alcance,no,,,fuera_de_alcance
10215,pending_cash_withdrawal,My cash in the ATM is still pending,fuera_de_alcance,no,,,fuera_de_alcance
10253,fiat_currency_support,Where can I exchange my money for EUR?,fuera_de_alcance,no,,,fuera_de_alcance
10318,card_delivery_estimate,What's the U.S. Delivery time?,fuera_de_alcance,no,,,fuera_de_alcance
10328,automatic_top_up,Can it automatically top-up money if there isn't much left?,fuera_de_alcance,no,,,fuera_de_alcance
10332,automatic_top_up,"I'm going to be away for awhile, can I have it add money automatically in certain intervals?",fuera_de_alcance,no,,,fuera_de_alcance
10413,exchange_via_app,What all currencies can be exchanged?,fuera_de_alcance,no,,,fuera_de_alcance
10419,exchange_via_app,How would I use my money in a different country?,fuera_de_alcance,no,,,fuera_de_alcance
10441,exchange_via_app,Can I exchange currencies with my account?,fuera_de_alcance,no,,,fuera_de_alcance
10443,lost_or_stolen_card,"My entire gym bag, including my wallet, was stolen out of my locker today. Everything in my wallet is gone - how do I block the card to make it can't be used?",tarjeta_comprometida,no,,,tarjeta_comprometida
10444,lost_or_stolen_card,I can't find my card and think it may have been stolen.,tarjeta_comprometida,no,,,tarjeta_comprometida
10445,lost_or_stolen_card,"Someone stole my card. I need to report it stolen. I made a police report already, but how do I report it with you?",tarjeta_comprometida,no,,,tarjeta_comprometida
10446,lost_or_stolen_card,"I cant find my card, it's gone.",tarjeta_comprometida,no,,,tarjeta_comprometida
10447,lost_or_stolen_card,My card is lost! What can I do?,tarjeta_comprometida,no,,,tarjeta_comprometida
10448,lost_or_stolen_card,I lost my card,tarjeta_comprometida,no,,,tarjeta_comprometida
10449,lost_or_stolen_card,Oh no!  I lost my card!  Help!,tarjeta_comprometida,no,,,tarjeta_comprometida
10450,lost_or_stolen_card,"I believe my card has been stolen, what can I do about this situation? It's urgent.",tarjeta_comprometida,no,,,tarjeta_comprometida
10451,lost_or_stolen_card,Help! Someone stole my card!,tarjeta_comprometida,no,,,tarjeta_comprometida
10452,lost_or_stolen_card,Help.  I have a stolen card!,tarjeta_comprometida,no,,,tarjeta_comprometida
10453,lost_or_stolen_card,"card is lost, please help",tarjeta_comprometida,no,,,tarjeta_comprometida
10454,lost_or_stolen_card,How do I report my card stolen?,tarjeta_comprometida,no,,,tarjeta_comprometida
10455,lost_or_stolen_card,My card is gone I think it was stolen,tarjeta_comprometida,no,,,tarjeta_comprometida
10456,lost_or_stolen_card,Is a copy of the police report necessary for completing the report process?,tarjeta_comprometida,no,,,tarjeta_comprometida
10457,lost_or_stolen_card,I lost my wallet today with all my credit cards. Will you please block the card and send a replacement?,tarjeta_comprometida,no,,,tarjeta_comprometida
10458,lost_or_stolen_card,How do I deal with a stolen card?,tarjeta_comprometida,no,,,tarjeta_comprometida
10459,lost_or_stolen_card,Can you freeze my card it was stolen,tarjeta_comprometida,no,,,tarjeta_comprometida
10460,lost_or_stolen_card,Help!  I can't find my card.,tarjeta_comprometida,no,,,tarjeta_comprometida
10461,lost_or_stolen_card,What should I do if I lost my card?,tarjeta_comprometida,no,,,tarjeta_comprometida
10462,lost_or_stolen_card,I need help with a lost card,tarjeta_comprometida,no,,,tarjeta_comprometida
10463,lost_or_stolen_card,I think my card was stolen.,tarjeta_comprometida,no,,,tarjeta_comprometida
10464,lost_or_stolen_card,"Someone stole my wallet earlier today, not sure exactly when, probably on Piccadilly circus. Can you check if there were any attempts to use the card and obviously block it?",tarjeta_comprometida,no,,,tarjeta_comprometida
10465,lost_or_stolen_card,I think I lost my card . I dont know how long it has been missing. Can you see if maybe someone else has been using it?,tarjeta_comprometida,no,,,tarjeta_comprometida
10466,lost_or_stolen_card,How can I freeze a stolen card?,tarjeta_comprometida,no,,,tarjeta_comprometida
10467,lost_or_stolen_card,What should I do if my card is missing?,tarjeta_comprometida,no,,,tarjeta_comprometida
10468,lost_or_stolen_card,My bags were stolen. I need a new card but need to cancel the stolen one.,tarjeta_comprometida,no,,,tarjeta_comprometida
10469,lost_or_stolen_card,Somehow I am missing my card.  What should I do?,tarjeta_comprometida,no,,,tarjeta_comprometida
10470,lost_or_stolen_card,My card was taken from me,tarjeta_comprometida,no,,,tarjeta_comprometida
10471,lost_or_stolen_card,My card got lost.,tarjeta_comprometida,no,,,tarjeta_comprometida
10472,lost_or_stolen_card,Some idiot stole my card.,tarjeta_comprometida,no,,,tarjeta_comprometida
10473,lost_or_stolen_card,How do I report my card lost or stolen?,tarjeta_comprometida,no,,,tarjeta_comprometida
10474,lost_or_stolen_card,My card is lost! What do I do now?,tarjeta_comprometida,no,,,tarjeta_comprometida
10475,lost_or_stolen_card,I'm in Spain and my stuff has been stolen. My card was with it and I need a new one shipped and the old one frozen.,tarjeta_comprometida,no,,,tarjeta_comprometida
10476,lost_or_stolen_card,I believe my credit card was stolen.,tarjeta_comprometida,no,,,tarjeta_comprometida
10477,lost_or_stolen_card,How do I report a stolen card?,tarjeta_comprometida,no,,,tarjeta_comprometida
10478,lost_or_stolen_card,"Somebody has stolen my card, I need help please.",tarjeta_comprometida,no,,,tarjeta_comprometida
10479,lost_or_stolen_card,I cannot find my credit card.,tarjeta_comprometida,no,,,tarjeta_comprometida
10480,lost_or_stolen_card,Are you able to locate my card?,tarjeta_comprometida,no,,,tarjeta_comprometida
10481,lost_or_stolen_card,My card got stolen!,tarjeta_comprometida,no,,,tarjeta_comprometida
10482,lost_or_stolen_card,Help me please!  My card was stolen!,tarjeta_comprometida,no,,,tarjeta_comprometida
10491,age_limit,What age do I have to be?,fuera_de_alcance,no,,,fuera_de_alcance
10524,pin_blocked,Where can I view my PIN?,fuera_de_alcance,no,,,fuera_de_alcance
10591,contactless_not_working,Why isn't my contactless not working?,fuera_de_alcance,no,,,fuera_de_alcance
10645,pending_top_up,What would lead to my top up still pending?,fuera_de_alcance,no,,,fuera_de_alcance
10653,pending_top_up,I topped up but it didn't complete,fuera_de_alcance,no,,,fuera_de_alcance
10763,wrong_amount_of_cash_received,"I don't know if this is an issue with the ATM or my account, but I just tried withdrawing 30 pounds from the ATM I'm at now and it only gave me 10. Is this a glitch or what exactly is going on?",cobro_incorrecto,sí,cargo_no_reconocido,"regla 4: no reconoce el cargo (""don't know"")",cargo_no_reconocido
10768,wrong_amount_of_cash_received,The amount of cash I received was incorrect,cobro_incorrecto,no,,,cobro_incorrecto
10769,wrong_amount_of_cash_received,I'm at an ATM and withdrew 30 pounds and was only given 10. What should I do?,cobro_incorrecto,no,,,cobro_incorrecto
10772,wrong_amount_of_cash_received,"Hi. I just withdrew cash from an ATM and received the wrong amount. However, my app shows the correct amount I withdrew. How do I get the rest of the cash?",cobro_incorrecto,no,,,cobro_incorrecto
10773,wrong_amount_of_cash_received,"The wrong amount of cash came out of the ATM today when I went to withdraw. When I looked at the app, it was showing it was much more.",cobro_incorrecto,no,,,cobro_incorrecto
10776,wrong_amount_of_cash_received,Where is the money I pushed it's on my mobile app as being withdrawn.,cobro_incorrecto,no,,,cobro_incorrecto
10779,wrong_amount_of_cash_received,Why did I only get $20 when I tried to get $100,cobro_incorrecto,no,,,cobro_incorrecto
10780,wrong_amount_of_cash_received,I have withdrawn cash from ATM but i received the wrong amount. I want cash back as in app its showing actual amount which i got. Please help me in this.,cobro_incorrecto,no,,,cobro_incorrecto
10784,wrong_amount_of_cash_received,I asked for $100 cash but only got $20?,cobro_incorrecto,no,,,cobro_incorrecto
10788,wrong_amount_of_cash_received,I have got out the wrong amount from an ATM. Please tell me the process to get the cash back as in app its showing the amount i have been actually received.,cobro_incorrecto,no,,,cobro_incorrecto
10789,wrong_amount_of_cash_received,I asked for 100 but only got 20.,cobro_incorrecto,no,,,cobro_incorrecto
10792,wrong_amount_of_cash_received,"I didn't get as much cash as I asked for from the ATM, why?",cobro_incorrecto,no,,,cobro_incorrecto
10793,wrong_amount_of_cash_received,What do I do if the ATM didn't give me the correct amount I withdrew? I pulled out 30 pounds and the ATM gave me 10 pounds.,cobro_incorrecto,no,,,cobro_incorrecto
10798,wrong_amount_of_cash_received,The ATM didn't give me the the withdraw amount requested.,cobro_incorrecto,no,,,cobro_incorrecto
10800,wrong_amount_of_cash_received,I didn't get the right amount at the ATM.,cobro_incorrecto,no,,,cobro_incorrecto
10801,wrong_amount_of_cash_received,did not receive correct cash upon withdrawal,cobro_incorrecto,no,,,cobro_incorrecto
10808,card_payment_fee_charged,I used my card for a purchase and was charged a fee,fuera_de_alcance,sí,fuera_de_alcance,"comisión: pregunta por qué existe o cuánto cuesta (aclaración de comisiones); clase mixta, revisar",fuera_de_alcance
10810,card_payment_fee_charged,There is an unauthorized fee.,fuera_de_alcance,sí,fuera_de_alcance,"comisión: pregunta por qué existe o cuánto cuesta (aclaración de comisiones); clase mixta, revisar",fuera_de_alcance
10817,card_payment_fee_charged,When would my card be charged an extra fee for a transaction?,fuera_de_alcance,sí,fuera_de_alcance,"comisión: pregunta por qué existe o cuánto cuesta (aclaración de comisiones); clase mixta, revisar",fuera_de_alcance
10822,card_payment_fee_charged,Why would I be charged a fee for card payment?,fuera_de_alcance,sí,fuera_de_alcance,"comisión: pregunta por qué existe o cuánto cuesta (aclaración de comisiones); clase mixta, revisar",fuera_de_alcance
10827,card_payment_fee_charged,So what items  actually come  with  extra  fees,fuera_de_alcance,sí,fuera_de_alcance,"comisión: pregunta por qué existe o cuánto cuesta (aclaración de comisiones); clase mixta, revisar",fuera_de_alcance
10832,card_payment_fee_charged,Someone needs to make me aware when there are extra charges for payments. I happened to be looking at the app earlier and noticed a charge associated to a payment that was extra that no one made me aware of before at all.,fuera_de_alcance,sí,fuera_de_alcance,"comisión: pregunta por qué existe o cuánto cuesta (aclaración de comisiones); clase mixta, revisar",fuera_de_alcance
10840,card_payment_fee_charged,I was charged a fee for a card payment. Why?,fuera_de_alcance,sí,fuera_de_alcance,"comisión: pregunta por qué existe o cuánto cuesta (aclaración de comisiones); clase mixta, revisar",fuera_de_alcance
10841,card_payment_fee_charged,Why was a charged a fee for using the card?,fuera_de_alcance,sí,fuera_de_alcance,"comisión: pregunta por qué existe o cuánto cuesta (aclaración de comisiones); clase mixta, revisar",fuera_de_alcance
10845,transfer_not_received_by_recipient,I am still waiting for a transaction to be completed,fuera_de_alcance,no,,,fuera_de_alcance
10880,transfer_not_received_by_recipient,Why hasn't my recipient received their money?,fuera_de_alcance,no,,,fuera_de_alcance
10892,supported_cards_and_currencies,can you tell me what cards and currencies you take?,fuera_de_alcance,no,,,fuera_de_alcance
10930,getting_virtual_card,Where is the virtual card?,fuera_de_alcance,no,,,fuera_de_alcance
10966,card_acceptance,It will be fine to use at any establishment that accepts Mastercard.,fuera_de_alcance,no,,,fuera_de_alcance
10999,card_acceptance,Will filling stations accept my card?,fuera_de_alcance,no,,,fuera_de_alcance
11007,top_up_reverted,"Hi, i don't know what's going on i've just paid for my top up twice by accident can you help me get a refund please.",fuera_de_alcance,sí,cobro_incorrecto,"regla 3: habla de cobro mal hecho (""twice"")",cobro_incorrecto
11015,top_up_reverted,I got topped up but the application reverted it.,fuera_de_alcance,no,,,fuera_de_alcance
11083,card_payment_not_recognised,I have a strange payment in my statement,cargo_no_reconocido,no,,,cargo_no_reconocido
11085,card_payment_not_recognised,I saw a payment i did not do,cargo_no_reconocido,no,,,cargo_no_reconocido
11086,card_payment_not_recognised,There is a payment that is not mine in the app.  Please advise/,cargo_no_reconocido,no,,,cargo_no_reconocido
11087,card_payment_not_recognised,An unauthorized payment is in my app,cargo_no_reconocido,no,,,cargo_no_reconocido
11090,card_payment_not_recognised,I found an unauthorized card payment,cargo_no_reconocido,no,,,cargo_no_reconocido
11091,card_payment_not_recognised,there is a transaction on my account that i didnt make,cargo_no_reconocido,no,,,cargo_no_reconocido
11092,card_payment_not_recognised,I don't recall making that payment?,cargo_no_reconocido,no,,,cargo_no_reconocido
11093,card_payment_not_recognised,There are some payments with my card that I don't know where they are coming from. Just checked today and it's been since a couple days as well! What to I do? Can I revert this retrospectively? My card needs to be frozen immediately as well!,cargo_no_reconocido,no,,,cargo_no_reconocido
11095,card_payment_not_recognised,There are some strange charges on my card that I didn't make from a few days ago.  Is my card stolen and if so should I cancel it?  Will I get refunded the charges?,cargo_no_reconocido,sí,tarjeta_comprometida,"regla 1: menciona robo/pérdida/clonación/varias compras no hechas (""stolen"")",cargo_no_reconocido
11096,card_payment_not_recognised,Why would there be a payment on my account I don't recognize?,cargo_no_reconocido,no,,,cargo_no_reconocido
11097,card_payment_not_recognised,I have a payment I didn't do,cargo_no_reconocido,no,,,cargo_no_reconocido
11100,card_payment_not_recognised,There is a card payment I do not recognise.,cargo_no_reconocido,no,,,cargo_no_reconocido
11101,card_payment_not_recognised,I don't recognise a card payment,cargo_no_reconocido,no,,,cargo_no_reconocido
11102,card_payment_not_recognised,Payment i did not do,cargo_no_reconocido,no,,,cargo_no_reconocido
11105,card_payment_not_recognised,"I'm concerned about a payment that has recently been made on my card.  I do not recognize the name that the transaction went to, can you help me?",cargo_no_reconocido,no,,,cargo_no_reconocido
11107,card_payment_not_recognised,I have a payment listed in error.,cargo_no_reconocido,no,,,cargo_no_reconocido
11109,card_payment_not_recognised,I'm not familiar with a card payment.,cargo_no_reconocido,no,,,cargo_no_reconocido
11110,card_payment_not_recognised,I have an unauthorized transaction on my statement,cargo_no_reconocido,no,,,cargo_no_reconocido
11112,card_payment_not_recognised,I don't know where this transaction came from?,cargo_no_reconocido,no,,,cargo_no_reconocido
11113,card_payment_not_recognised,I see a charge on my account that I don't recall making. I feel like my account may have been compromised.,cargo_no_reconocido,sí,tarjeta_comprometida,"regla 1: menciona robo/pérdida/clonación/varias compras no hechas (""compromised"")",tarjeta_comprometida
11114,card_payment_not_recognised,"I know I didn't make this payment showing up on my card, I don't remember this person at all.",cargo_no_reconocido,no,,,cargo_no_reconocido
11116,card_payment_not_recognised,There's a recent charge on my card that I know I didn't make because I've never seen the name before. Can we investigate this?,cargo_no_reconocido,no,,,cargo_no_reconocido
11117,card_payment_not_recognised,Some of my card payments look different than where I purchased products from. Why is that?,cargo_no_reconocido,no,,,cargo_no_reconocido
11118,card_payment_not_recognised,There is a strange payment on my statement. What should I do?,cargo_no_reconocido,no,,,cargo_no_reconocido
11120,card_payment_not_recognised,There is a fraudulent charge on my statement.,cargo_no_reconocido,no,,,cargo_no_reconocido
11143,edit_personal_details,What do i have to do to change my name?,fuera_de_alcance,no,,,fuera_de_alcance
11184,why_verify_identity,Why am I being asked to have an identity check,fuera_de_alcance,no,,,fuera_de_alcance
11232,unable_to_verify_identity,I a having trouble proving my identity,fuera_de_alcance,no,,,fuera_de_alcance
11289,visa_or_mastercard,Are both Visa and Mastercard offered?,fuera_de_alcance,no,,,fuera_de_alcance
11293,visa_or_mastercard,What steps must I follow to get a Visa credit card?,fuera_de_alcance,no,,,fuera_de_alcance
11304,visa_or_mastercard,Do you do Visa or Mastercard?,fuera_de_alcance,no,,,fuera_de_alcance
11337,topping_up_by_card,I have friends that would like to top-up my account is that possible?,fuera_de_alcance,no,,,fuera_de_alcance
11384,disposable_card_limits,How can I create many temporary cards daily?,fuera_de_alcance,no,,,fuera_de_alcance
11403,compromised_card,I think someone is using my card to make transactions I don't remember.,tarjeta_comprometida,no,,,tarjeta_comprometida
11404,compromised_card,someone is using my account,tarjeta_comprometida,no,,,tarjeta_comprometida
11405,compromised_card,Someone I don't know has used my card without permission.,tarjeta_comprometida,no,,,tarjeta_comprometida
11406,compromised_card,My card was used without my permission.,tarjeta_comprometida,no,,,tarjeta_comprometida
11407,compromised_card,Can I freeze my card right now?,tarjeta_comprometida,no,,,tarjeta_comprometida
11408,compromised_card,Freeze my account it's been hacked.,tarjeta_comprometida,no,,,tarjeta_comprometida
11409,compromised_card,"There are transactions I didn't make, someone else must have used my card.",tarjeta_comprometida,no,,,tarjeta_comprometida
11410,compromised_card,Can you freeze my card because someone used it while I was out of town. I did not make these purchases.,tarjeta_comprometida,no,,,tarjeta_comprometida
11411,compromised_card,Someone is using my account to do online shopping! Please freeze it asap,tarjeta_comprometida,no,,,tarjeta_comprometida
11412,compromised_card,Someone else may be using my card.  There are transactions I don't recognize.,tarjeta_comprometida,no,,,tarjeta_comprometida
11413,compromised_card,What do I do to stop unauthorized transactions on my card? I was never in the place from which the transactions on my bill were made and I never made them. Please help!,tarjeta_comprometida,no,,,tarjeta_comprometida
11414,compromised_card,What do I do if I think my card was improperly used?,tarjeta_comprometida,no,,,tarjeta_comprometida
11415,compromised_card,How can I stop fraud on my account right now?,tarjeta_comprometida,no,,,tarjeta_comprometida
11416,compromised_card,"I think my identity has been stolen, can you check on unauthorized charges?",tarjeta_comprometida,no,,,tarjeta_comprometida
11417,compromised_card,I think someone else is using my card.  There are transactions I didn't make.,tarjeta_comprometida,no,,,tarjeta_comprometida
11418,compromised_card,"I don't recognize some of the transactions on my card, I think someone must have gotten my card info and used it.",tarjeta_comprometida,no,,,tarjeta_comprometida
11419,compromised_card,Can I use app to freeze account and dispute fraud?,tarjeta_comprometida,no,,,tarjeta_comprometida
11420,compromised_card,My card is being used online to make a bunch of purchases! Someone else is using it fraudulently. Can you help me freeze it?,tarjeta_comprometida,no,,,tarjeta_comprometida
11421,compromised_card,"Someone has my card number, freeze my account.",tarjeta_comprometida,no,,,tarjeta_comprometida
11422,compromised_card,"I see random purchases to my account, was it hacked?",tarjeta_comprometida,no,,,tarjeta_comprometida
11423,compromised_card,It seems someone used my card! There are a few transactions from a small town in the middle of nowhere that I definitely have not made! Please prevent them from using it immediately!,tarjeta_comprometida,no,,,tarjeta_comprometida
11424,compromised_card,How do I freeze my card using the app?,tarjeta_comprometida,no,,,tarjeta_comprometida
11425,compromised_card,My card has been compromised,tarjeta_comprometida,no,,,tarjeta_comprometida
11426,compromised_card,What should I do if I think that someone else may be using my card.,tarjeta_comprometida,no,,,tarjeta_comprometida
11427,compromised_card,"The transactions showing up are strange, I think my card was used without me knowing.",tarjeta_comprometida,no,,,tarjeta_comprometida
11428,compromised_card,How do I freeze my account?,tarjeta_comprometida,no,,,tarjeta_comprometida
11429,compromised_card,"I'm not certain, but someone may be using my card.",tarjeta_comprometida,no,,,tarjeta_comprometida
11430,compromised_card,How do I freeze my card? I think someone is using it to make a bunch of online transactions.,tarjeta_comprometida,no,,,tarjeta_comprometida
11431,compromised_card,I think someone got my card details and used it because there are transactions i don't recognize. What do I do now?,tarjeta_comprometida,no,,,tarjeta_comprometida
11432,compromised_card,Someone else used my card!,tarjeta_comprometida,no,,,tarjeta_comprometida
11433,compromised_card,I believe someone is using my card without my agreement!,tarjeta_comprometida,no,,,tarjeta_comprometida
11434,compromised_card,"If I feel someone has my card information, can I get a new card?",tarjeta_comprometida,no,,,tarjeta_comprometida
11436,compromised_card,I think someone has access to my card numbers that shouldn't.,tarjeta_comprometida,no,,,tarjeta_comprometida
11437,compromised_card,I think my child used my card while I wasn't home.,tarjeta_comprometida,no,,,tarjeta_comprometida
11438,compromised_card,What do I do if I think someone managed to get my card information?,tarjeta_comprometida,no,,,tarjeta_comprometida
11439,compromised_card,I think someone copied the numbers on my card and is using them.,tarjeta_comprometida,no,,,tarjeta_comprometida
11440,compromised_card,What should I do if I think someone is using my card.,tarjeta_comprometida,no,,,tarjeta_comprometida
11441,compromised_card,Can I use app to freeze my card and dispute fraud?,tarjeta_comprometida,no,,,tarjeta_comprometida
11442,compromised_card,"Someone else is using my card, freeze it.",tarjeta_comprometida,no,,,tarjeta_comprometida
11483,direct_debit_payment_not_recognised,Help me.  There is a Direct Debit that I didn't make.,cargo_no_reconocido,no,,,cargo_no_reconocido
11485,direct_debit_payment_not_recognised,I have a strange direct debit in my statement,cargo_no_reconocido,no,,,cargo_no_reconocido
11486,direct_debit_payment_not_recognised,I don't understand where this debit came from and want it removed.,cargo_no_reconocido,no,,,cargo_no_reconocido
11487,direct_debit_payment_not_recognised,what is this charge on my account,cargo_no_reconocido,no,,,cargo_no_reconocido
11491,direct_debit_payment_not_recognised,There's a debit on my account that I didn't do.,cargo_no_reconocido,no,,,cargo_no_reconocido
11493,direct_debit_payment_not_recognised,Why is there a direct debit payment on my app that is not from me?,cargo_no_reconocido,no,,,cargo_no_reconocido
11495,direct_debit_payment_not_recognised,"Even though it's late, I wanted to see about disputing a charge. I was just looking through my transactions over the past couple of months and noticed a pretty large amount that was not completed by me. Is this possibly something I can still do.",cargo_no_reconocido,no,,,cargo_no_reconocido
11496,direct_debit_payment_not_recognised,"There was a transaction from two weeks ago from a business that I don't know. I'm fairly certain it wasn't me who made it, but is it an option to trace it to confirm?",cargo_no_reconocido,no,,,cargo_no_reconocido
11498,direct_debit_payment_not_recognised,There is a Direct Debit that I don't recognize.,cargo_no_reconocido,no,,,cargo_no_reconocido
11499,direct_debit_payment_not_recognised,Unknown direct deposit,cargo_no_reconocido,no,,,cargo_no_reconocido
11500,direct_debit_payment_not_recognised,There is a suspicious direct debit payment.,cargo_no_reconocido,no,,,cargo_no_reconocido
11501,direct_debit_payment_not_recognised,There is a transaction from my account that I don't recognize can you trace back the information so I can make sure it's something I did or not?,cargo_no_reconocido,no,,,cargo_no_reconocido
11505,direct_debit_payment_not_recognised,This Direct Debit payment may not be right.,cargo_no_reconocido,no,,,cargo_no_reconocido
11506,direct_debit_payment_not_recognised,why does the app show a direct debit payment that I did not authorize,cargo_no_reconocido,no,,,cargo_no_reconocido
11507,direct_debit_payment_not_recognised,Can I dispute a payment even if I notice it several weeks after it was made?,cargo_no_reconocido,no,,,cargo_no_reconocido
11508,direct_debit_payment_not_recognised,It seems there is an incorrect listing of a direct debit payment on my app that I did not make,cargo_no_reconocido,no,,,cargo_no_reconocido
11510,direct_debit_payment_not_recognised,I have a direct debit charge that I do not recognize,cargo_no_reconocido,no,,,cargo_no_reconocido
11512,direct_debit_payment_not_recognised,There's a direct debit on my account that I didn't authorize,cargo_no_reconocido,no,,,cargo_no_reconocido
11513,direct_debit_payment_not_recognised,I understand that this is extremely late. After going over my transactions for the last couple of months I noticed a large charge that I'm sure I did not make. Is there anyway I can still dispute this?,cargo_no_reconocido,no,,,cargo_no_reconocido
11514,direct_debit_payment_not_recognised,I don't recognize a debit payment that was made and would like to find out about the payment.,cargo_no_reconocido,no,,,cargo_no_reconocido
11516,direct_debit_payment_not_recognised,Why is there a direct debit I didn't make showing in the app?,cargo_no_reconocido,no,,,cargo_no_reconocido
11517,direct_debit_payment_not_recognised,There is a direct debit I do not recognise in my statement,cargo_no_reconocido,no,,,cargo_no_reconocido
11518,direct_debit_payment_not_recognised,"I have a direct debit transaction I have not set up, but would like to .",cargo_no_reconocido,no,,,cargo_no_reconocido
11520,direct_debit_payment_not_recognised,I was charged on my account that shouldn't be there.,cargo_no_reconocido,no,,,cargo_no_reconocido
11521,direct_debit_payment_not_recognised,There's a direct debit I wish to dispute,cargo_no_reconocido,no,,,cargo_no_reconocido
11536,passcode_forgotten,I no longer have my passcode.,fuera_de_alcance,no,,,fuera_de_alcance
11564,declined_cash_withdrawal,My withdrawal was cancelled.,fuera_de_alcance,no,,,fuera_de_alcance
11600,declined_cash_withdrawal,Is there a reason that the ATM declined my transaction?,fuera_de_alcance,no,,,fuera_de_alcance
11603,pending_card_payment,"My card payment is still on hold, why is it so?",fuera_de_alcance,no,,,fuera_de_alcance
11607,pending_card_payment,Why is my card payment showing as pending?,fuera_de_alcance,no,,,fuera_de_alcance
11608,pending_card_payment,Why has my payment not gone through?,fuera_de_alcance,no,,,fuera_de_alcance
11616,pending_card_payment,I bought some stuff this morning but the payment shows as pending,fuera_de_alcance,no,,,fuera_de_alcance
11617,pending_card_payment,I am waiting for a payment to go through.,fuera_de_alcance,no,,,fuera_de_alcance
11620,pending_card_payment,I would like to know why my purchases from this morning are still pending.,fuera_de_alcance,no,,,fuera_de_alcance
11621,pending_card_payment,Why is there a pending transaction on my card?,fuera_de_alcance,no,,,fuera_de_alcance
11627,pending_card_payment,How long will this card payment stay pending?,fuera_de_alcance,no,,,fuera_de_alcance
11633,pending_card_payment,Why are my payments showing pending?,fuera_de_alcance,no,,,fuera_de_alcance
11634,pending_card_payment,"My card is still pending, I've been waiting a while.",fuera_de_alcance,no,,,fuera_de_alcance
11636,pending_card_payment,I bought some things this morning but the payment shows that it is pending,fuera_de_alcance,no,,,fuera_de_alcance
11650,lost_or_stolen_phone,"I'm not sure where my phone is, I think someone stole it or it's lost.",,sí,fuera_de_alcance,por_decidir: habla solo del celular/app (lost_or_stolen_phone sin decisión en el mapeo),fuera_de_alcance
11654,lost_or_stolen_phone,I lost my phone and need help securing it.,,sí,fuera_de_alcance,por_decidir: habla solo del celular/app (lost_or_stolen_phone sin decisión en el mapeo),fuera_de_alcance
11664,lost_or_stolen_phone,Someone stole my phone yesterday :( is there anything I need to do?,,sí,fuera_de_alcance,por_decidir: habla solo del celular/app (lost_or_stolen_phone sin decisión en el mapeo),fuera_de_alcance
11665,lost_or_stolen_phone,"lost phone, dont want others to access account",,sí,fuera_de_alcance,por_decidir: habla solo del celular/app (lost_or_stolen_phone sin decisión en el mapeo),fuera_de_alcance
11670,lost_or_stolen_phone,I was mugged yesterday and they took everything.  I can't access my app.  What are my next steps?,,sí,fuera_de_alcance,por_decidir: habla solo del celular/app (lost_or_stolen_phone sin decisión en el mapeo),fuera_de_alcance
11674,lost_or_stolen_phone,Someone stole my phone.,,sí,fuera_de_alcance,por_decidir: habla solo del celular/app (lost_or_stolen_phone sin decisión en el mapeo),fuera_de_alcance
11685,request_refund,Get an item refund,fuera_de_alcance,no,,,fuera_de_alcance
11686,request_refund,Would I be able to get a refund for something I bought?,fuera_de_alcance,no,,,fuera_de_alcance
11695,request_refund,I want a refund because my package has been taking too long to arrive. How do I go about doing that?,fuera_de_alcance,no,,,fuera_de_alcance
11700,request_refund,I need a refund?,fuera_de_alcance,no,,,fuera_de_alcance
11705,request_refund,How do I cancel a previous purchase,fuera_de_alcance,no,,,fuera_de_alcance
11709,request_refund,Hello I changed my mind and really need a refund on one of things I bought recently. Can you please cancel the transaction and get my money back. Please it's urgent.,fuera_de_alcance,no,,,fuera_de_alcance
11710,request_refund,I would like a refund on one of your products that has been sold to me,fuera_de_alcance,no,,,fuera_de_alcance
11712,request_refund,I want this amount reversed out of my account.,fuera_de_alcance,no,,,fuera_de_alcance
11713,request_refund,Hello! I recently made a purchase and I'm needing to cancel my order and process a refund as soon as possible.,fuera_de_alcance,no,,,fuera_de_alcance
11720,request_refund,How can I process a refund for something I purchased?,fuera_de_alcance,no,,,fuera_de_alcance
11721,request_refund,I want to get an item refunded,fuera_de_alcance,no,,,fuera_de_alcance
11729,declined_transfer,"How can I fix my card, it got declined twice.",fuera_de_alcance,no,,,fuera_de_alcance
11743,declined_transfer,I could not do a transfer because it was declined,fuera_de_alcance,no,,,fuera_de_alcance
11747,declined_transfer,My transfer got declined.,fuera_de_alcance,no,,,fuera_de_alcance
11765,Refund_not_showing_up,"I requested a refund, and never received it. What can I do?",fuera_de_alcance,no,,,fuera_de_alcance
11766,Refund_not_showing_up,I was supposed to get a purchase refunded but I don't see the money in my account,fuera_de_alcance,no,,,fuera_de_alcance
11767,Refund_not_showing_up,There's a refund missing from my statement,fuera_de_alcance,no,,,fuera_de_alcance
11773,Refund_not_showing_up,"I asked for a refund last week but nothing has happened yet, can you help me please?",fuera_de_alcance,no,,,fuera_de_alcance
11785,Refund_not_showing_up,Did my refund go through? It's not on my statement.,fuera_de_alcance,no,,,fuera_de_alcance
11787,Refund_not_showing_up,I requested a refund from a store but it hasn't arrived.,fuera_de_alcance,no,,,fuera_de_alcance
11796,Refund_not_showing_up,My refund is missing,fuera_de_alcance,no,,,fuera_de_alcance
11800,Refund_not_showing_up,I would like some help getting a refund back from a seller. It still isn't showing up on my statement and I requested this a long time ago. I'm not sure why it's not returned yet. Can you assist me in getting this money back?,fuera_de_alcance,no,,,fuera_de_alcance
11801,Refund_not_showing_up,How long will it take to get my refund,fuera_de_alcance,no,,,fuera_de_alcance
11804,declined_card_payment,The new card that was just sent to me was declined multiple times yesterday when I tried to use it at a restaurant to pay for my dinner.  I am really disappointed  and embarrassed that my card was denied when I tried to use it to pay for my friend's birthday dinner.,fuera_de_alcance,no,,,fuera_de_alcance
11805,declined_card_payment,Why was my card payment declined?,fuera_de_alcance,no,,,fuera_de_alcance
11809,declined_card_payment,Why did it decline my payment?,fuera_de_alcance,no,,,fuera_de_alcance
11813,declined_card_payment,Why was a transaction on my card declined?,fuera_de_alcance,no,,,fuera_de_alcance
11816,declined_card_payment,I know I have enough funds in my account but my card payment hasn't worked for some reason. What do I do?,fuera_de_alcance,no,,,fuera_de_alcance
11817,declined_card_payment,Why doesn't the card payment work,fuera_de_alcance,no,,,fuera_de_alcance
11821,declined_card_payment,Something is wrong with my payment account since it has been declined,fuera_de_alcance,no,,,fuera_de_alcance
11822,declined_card_payment,Why are you declining my payment? Everything was fine.,fuera_de_alcance,no,,,fuera_de_alcance
11828,declined_card_payment,"My card payment didn't work, can you help?",fuera_de_alcance,no,,,fuera_de_alcance
11857,pending_transfer,My transfer is still pending and I know the account numbers are correct.  Please help.,fuera_de_alcance,no,,,fuera_de_alcance
11878,pending_transfer,The transfer is coming up as pending the payment is due today. Will I be charged a fee?,fuera_de_alcance,no,,,fuera_de_alcance
11900,terminate_account,"The service of this company sucks, I need to terminate my account.",fuera_de_alcance,no,,,fuera_de_alcance
11914,terminate_account,How do I delete my account?,fuera_de_alcance,no,,,fuera_de_alcance
11928,card_swallowed,Atm took my card,fuera_de_alcance,no,,,fuera_de_alcance
11929,card_swallowed,Is there a way I can get my ATM card back from the machine?,fuera_de_alcance,no,,,fuera_de_alcance
11938,card_swallowed,The ATM ate my card.,fuera_de_alcance,no,,,fuera_de_alcance
11939,card_swallowed,The ATM won't give me my card back.,fuera_de_alcance,no,,,fuera_de_alcance
11940,card_swallowed,My card was confiscated by an ATM. How do I get my card back?,fuera_de_alcance,no,,,fuera_de_alcance
11946,card_swallowed,I have a problem!  The ATM stole my card!,fuera_de_alcance,no,,,fuera_de_alcance
11951,card_swallowed,How do I retrieve a trapped card from a ATM?,fuera_de_alcance,no,,,fuera_de_alcance
11955,card_swallowed,My card has been swallowed by an ATM,fuera_de_alcance,no,,,fuera_de_alcance
11959,card_swallowed,The ATM won't give back my card,fuera_de_alcance,no,,,fuera_de_alcance
11963,transaction_charged_twice,I got double charged for a payment so how do I fix that?,cobro_incorrecto,no,,,cobro_incorrecto
11964,transaction_charged_twice,"I've just come back from an eating holiday in the USA and Canada and have SO many pending and duplicated transactions on my account.  I think there is something wrong, can you look in to it please?",cobro_incorrecto,no,,,cobro_incorrecto
11970,transaction_charged_twice,I have a duplicate payment showing up on the app. How do I stop myself being charged for the thing twice?,cobro_incorrecto,no,,,cobro_incorrecto
11971,transaction_charged_twice,Why would I be charged more than once for the same transaction?,cobro_incorrecto,no,,,cobro_incorrecto
11973,transaction_charged_twice,Can you please check if I was charged twice?,cobro_incorrecto,no,,,cobro_incorrecto
11974,transaction_charged_twice,I have been charged twice,cobro_incorrecto,no,,,cobro_incorrecto
11977,transaction_charged_twice,I noticed after looking over my transactions that I have been charged twice from an earlier restaurant visit this week. Is it possible that one of these can be removed so I get the money back for the one that is not accurate?,cobro_incorrecto,no,,,cobro_incorrecto
11979,transaction_charged_twice,Why is there a transaction that shows multiple times?,cobro_incorrecto,no,,,cobro_incorrecto
11986,transaction_charged_twice,Please check payments on my card. There is a duplicate and I only bought it once.,cobro_incorrecto,no,,,cobro_incorrecto
11988,transaction_charged_twice,A transaction is repeated several times on my account.,cobro_incorrecto,no,,,cobro_incorrecto
11992,transaction_charged_twice,Why have I been charged twice for the same transaction?,cobro_incorrecto,no,,,cobro_incorrecto
11993,transaction_charged_twice,I see that I have been charged multiple times for the same transaction.,cobro_incorrecto,no,,,cobro_incorrecto
11998,transaction_charged_twice,I recently got charged twice from a restaurant that I was at this week and I would like for one of those payments to be removed from my account.,cobro_incorrecto,no,,,cobro_incorrecto
12000,transaction_charged_twice,I have a duplicate payment showing,cobro_incorrecto,no,,,cobro_incorrecto
12005,verify_source_of_funds,Where are my funds being sourced from?,fuera_de_alcance,no,,,fuera_de_alcance
12052,transfer_timing,"If I started the Bank transfer from Europe, how long will the process take to complete?",fuera_de_alcance,no,,,fuera_de_alcance
12087,reverted_card_payment?,Why was my payment cancelled?,fuera_de_alcance,no,,,fuera_de_alcance
12088,reverted_card_payment?,I made a payment but the app reverted the payment.,fuera_de_alcance,no,,,fuera_de_alcance
12093,reverted_card_payment?,What do I do if it says my card payment has been cancelled?,fuera_de_alcance,no,,,fuera_de_alcance
12097,reverted_card_payment?,why did the app refuse to make an approved payment,fuera_de_alcance,no,,,fuera_de_alcance
12100,reverted_card_payment?,Why was my payment reversed?,fuera_de_alcance,no,,,fuera_de_alcance
12105,reverted_card_payment?,"I am attempting to make a purchase online, but my card is not working.  I know there are funds available, is this an issue on the banks end?",fuera_de_alcance,no,,,fuera_de_alcance
12109,reverted_card_payment?,I bought something and the money appeared back into my account? Why?,fuera_de_alcance,no,,,fuera_de_alcance
12120,reverted_card_payment?,Someone stopped my payment,fuera_de_alcance,no,,,fuera_de_alcance
12143,change_pin,Am I able to change my PIN at any cash machines?,fuera_de_alcance,no,,,fuera_de_alcance
12204,transfer_fee_charged,I was charged a fee for my transfer.,fuera_de_alcance,no,,,fuera_de_alcance
12232,transfer_fee_charged,Why was my transfer charged fees?,fuera_de_alcance,no,,,fuera_de_alcance
12246,receiving_money,Can I get my salary through this?,fuera_de_alcance,no,,,fuera_de_alcance
12253,receiving_money,My salary is received in the form of GBP. Do I need to do anything specific to configure this?,fuera_de_alcance,no,,,fuera_de_alcance
12285,failed_transfer,My transfer didn't work,fuera_de_alcance,no,,,fuera_de_alcance
12325,transfer_into_account,How do I go forth on transferring money into my account?,fuera_de_alcance,no,,,fuera_de_alcance
12372,verify_top_up,Why do you need code verification for my top up?,fuera_de_alcance,no,,,fuera_de_alcance
12399,verify_top_up,How can I find the top-up verification code?,fuera_de_alcance,no,,,fuera_de_alcance
12412,getting_spare_card,I'd like to have another card,fuera_de_alcance,no,,,fuera_de_alcance
12417,getting_spare_card,"Would I be able to get another card for my account, so I could give one to my daughter?",fuera_de_alcance,no,,,fuera_de_alcance
12445,top_up_by_cash_or_cheque,Can I top up with a cheque?,fuera_de_alcance,no,,,fuera_de_alcance
12504,order_physical_card,How can I get a physical card,fuera_de_alcance,no,,,fuera_de_alcance
12563,wrong_exchange_rate_for_cash_withdrawal,I did not get the right amount of money when I used a different country's currency.,cobro_incorrecto,no,,,cobro_incorrecto
12564,wrong_exchange_rate_for_cash_withdrawal,I took out money from a transaction machine and it exchanged the wrong dollar value amount from another currency!,cobro_incorrecto,no,,,cobro_incorrecto
12565,wrong_exchange_rate_for_cash_withdrawal,I made a withdraw from the ATM this past holiday and it seems like a was charged too much. If I would have   known about these charges I wouldn't have made a withdraw.,cobro_incorrecto,no,,,cobro_incorrecto
12566,wrong_exchange_rate_for_cash_withdrawal,Can you look to make sure the exchange rate is correct,cobro_incorrecto,no,,,cobro_incorrecto
12567,wrong_exchange_rate_for_cash_withdrawal,Exchange rate for my cash withdrawal is wrong,cobro_incorrecto,no,,,cobro_incorrecto
12572,wrong_exchange_rate_for_cash_withdrawal,A wrong exchange rate was applied to a transaction made abroad.,cobro_incorrecto,no,,,cobro_incorrecto
12573,wrong_exchange_rate_for_cash_withdrawal,The exchange rate you gave me for my cash withdrawal is wrong,cobro_incorrecto,no,,,cobro_incorrecto
12575,wrong_exchange_rate_for_cash_withdrawal,Why is the exchange rate so exorbitant? This should have been a much higher amount of cash for that to apply.,cobro_incorrecto,no,,,cobro_incorrecto
12576,wrong_exchange_rate_for_cash_withdrawal,Why was the exchange rate different when I withdrew my cash?,cobro_incorrecto,no,,,cobro_incorrecto
12577,wrong_exchange_rate_for_cash_withdrawal,"When I got cash, my exchange rate was wrong.",cobro_incorrecto,no,,,cobro_incorrecto
12580,wrong_exchange_rate_for_cash_withdrawal,I checked the exchange rate when I withdrew cash. But the actual rate that you applied was different.,cobro_incorrecto,no,,,cobro_incorrecto
12587,wrong_exchange_rate_for_cash_withdrawal,The conversion rate on the ATM that I used with foreign currency was wrong.,cobro_incorrecto,no,,,cobro_incorrecto
12589,wrong_exchange_rate_for_cash_withdrawal,My cash withdrawal charged me the wrong exchange rate,cobro_incorrecto,no,,,cobro_incorrecto
12590,wrong_exchange_rate_for_cash_withdrawal,I withdrew some cash out of the ATM over the holiday. It seems that I was charged some outrageous fees. I would not have done that had I been aware of these outrageous charges!,cobro_incorrecto,no,,,cobro_incorrecto
12592,wrong_exchange_rate_for_cash_withdrawal,Can you explain your exchange rate policy? I don't think I received the correct amount of cash in my ATM transaction.,cobro_incorrecto,no,,,cobro_incorrecto
12598,wrong_exchange_rate_for_cash_withdrawal,I used an ATM in a foreign currency but the rate applied is wrong!,cobro_incorrecto,no,,,cobro_incorrecto
12600,wrong_exchange_rate_for_cash_withdrawal,I used the ATM machine to get money out for Holiday shopping and saw the outrageous charges. Why is that? I would not have used the ATM if I had known!,cobro_incorrecto,no,,,cobro_incorrecto
12685,balance_not_updated_after_bank_transfer,How long will it take for my transferred money to show up?,fuera_de_alcance,no,,,fuera_de_alcance
12720,balance_not_updated_after_bank_transfer,Why doesn't my balance reflect my transfer,fuera_de_alcance,no,,,fuera_de_alcance
12724,cash_withdrawal_not_recognised,There is a withdrawal that isn't mind in the app.,cargo_no_reconocido,no,,,cargo_no_reconocido
12725,cash_withdrawal_not_recognised,I just lost my wallet and I see that they are already withdrawing money from my account. How can I stop this?,cargo_no_reconocido,sí,tarjeta_comprometida,"regla 1: menciona robo/pérdida/clonación/varias compras no hechas (""lost my wallet"")",tarjeta_comprometida
12726,cash_withdrawal_not_recognised,"I didn't get cash from an ATM, but the app says I did",cargo_no_reconocido,no,,,cargo_no_reconocido
12727,cash_withdrawal_not_recognised,My app shows some cash I didn't get.,cargo_no_reconocido,no,,,cargo_no_reconocido
12728,cash_withdrawal_not_recognised,Why is there a random withdrawal in my app?,cargo_no_reconocido,no,,,cargo_no_reconocido
12729,cash_withdrawal_not_recognised,There is a suspicious cash withdraw on the account.,cargo_no_reconocido,no,,,cargo_no_reconocido
12731,cash_withdrawal_not_recognised,The app said I withdrew cash at an ATM and I didn't,cargo_no_reconocido,no,,,cargo_no_reconocido
12732,cash_withdrawal_not_recognised,My app says that I received cash from an ATM and I didn't.,cargo_no_reconocido,no,,,cargo_no_reconocido
12733,cash_withdrawal_not_recognised,"How do I freeze my bank card, as there has been a strange withdrawal?",cargo_no_reconocido,no,,,cargo_no_reconocido
12735,cash_withdrawal_not_recognised,I checked the app and saw an extra cash withdrawal that I didn't authorize,cargo_no_reconocido,no,,,cargo_no_reconocido
12736,cash_withdrawal_not_recognised,I have a strange cash withdrawal in my statement,cargo_no_reconocido,no,,,cargo_no_reconocido
12737,cash_withdrawal_not_recognised,There's a cash withdraw on my statement that I didn't make.,cargo_no_reconocido,no,,,cargo_no_reconocido
12740,cash_withdrawal_not_recognised,My account has a weird withdrawal.,cargo_no_reconocido,no,,,cargo_no_reconocido
12741,cash_withdrawal_not_recognised,I'm unsure of a withdrawl in my statement.,cargo_no_reconocido,no,,,cargo_no_reconocido
12743,cash_withdrawal_not_recognised,I think I see a withdraw I did not make.,cargo_no_reconocido,no,,,cargo_no_reconocido
12745,cash_withdrawal_not_recognised,There is an unauthorized cash withdrawal from my account for 500£.  I definitely didn't make this withdrawal.  I need your help.,cargo_no_reconocido,no,,,cargo_no_reconocido
12747,cash_withdrawal_not_recognised,There is a odd withdrawal on my account.,cargo_no_reconocido,no,,,cargo_no_reconocido
12748,cash_withdrawal_not_recognised,I need to cancel my card that got stolen a little while ago. Someone has already taken some money out and I don't want them to take anymore. Can you please do that?,cargo_no_reconocido,sí,tarjeta_comprometida,"regla 1: menciona robo/pérdida/clonación/varias compras no hechas (""stolen"")",tarjeta_comprometida
12749,cash_withdrawal_not_recognised,How do I cancel my card? There are charges on my account that I didn't make.,cargo_no_reconocido,no,,,cargo_no_reconocido
12750,cash_withdrawal_not_recognised,"There is an error, the app says I made an ATM withdrawal and I didn't.",cargo_no_reconocido,no,,,cargo_no_reconocido
12752,cash_withdrawal_not_recognised,What do I do if I notice a strange withdrawl in my statement?,cargo_no_reconocido,no,,,cargo_no_reconocido
12753,cash_withdrawal_not_recognised,I don't recognise a cash withdrawal,cargo_no_reconocido,no,,,cargo_no_reconocido
12754,cash_withdrawal_not_recognised,Help!  My wallet was stolen and someone is taking money out.  I need this money!  What can I do?,cargo_no_reconocido,sí,tarjeta_comprometida,"regla 1: menciona robo/pérdida/clonación/varias compras no hechas (""stolen"")",tarjeta_comprometida
12757,cash_withdrawal_not_recognised,"Someone has stolen my card. Even though I have my card with me, someone just made a 500£ cash withdrawal. Please help as soon as possible.",cargo_no_reconocido,sí,tarjeta_comprometida,"regla 1: menciona robo/pérdida/clonación/varias compras no hechas (""stolen"")",tarjeta_comprometida
12758,cash_withdrawal_not_recognised,Cash I didn't get shows in my app.,cargo_no_reconocido,no,,,cargo_no_reconocido
12760,cash_withdrawal_not_recognised,There is an ATM withdrawl in the app I don't recognize.,cargo_no_reconocido,no,,,cargo_no_reconocido
12761,cash_withdrawal_not_recognised,A cash withdrawal is showing up that I didn't do.,cargo_no_reconocido,no,,,cargo_no_reconocido
12784,exchange_charge,I was wondering if there were any discounts offered for frequent currency exchanges?,fuera_de_alcance,no,,,fuera_de_alcance
12804,top_up_by_card_charge,Are there any fees for adding money with an international card?,fuera_de_alcance,no,,,fuera_de_alcance
12861,activate_my_card,I tried activating my bill of fare and it didn't workplace,fuera_de_alcance,no,,,fuera_de_alcance
12883,cash_withdrawal_charge,I see some fees for cash withdraw.,fuera_de_alcance,sí,fuera_de_alcance,"comisión: pregunta por qué existe o cuánto cuesta (aclaración de comisiones); clase mixta, revisar",fuera_de_alcance
12888,cash_withdrawal_charge,"How come you charge for cash withdrawals? I withdrew cash after buying groceries today, and there seems to be a new fee",fuera_de_alcance,sí,fuera_de_alcance,"comisión: pregunta por qué existe o cuánto cuesta (aclaración de comisiones); clase mixta, revisar",fuera_de_alcance
12890,cash_withdrawal_charge,"Do ATM cash withdrawals carry a charge now? They've been free in the past, but all of a sudden I have to pay to make ATM withdrawals?",fuera_de_alcance,sí,fuera_de_alcance,"comisión: pregunta por qué existe o cuánto cuesta (aclaración de comisiones); clase mixta, revisar",fuera_de_alcance
12892,cash_withdrawal_charge,Why was I charged a fee for withdrawing cash?,fuera_de_alcance,sí,fuera_de_alcance,"comisión: pregunta por qué existe o cuánto cuesta (aclaración de comisiones); clase mixta, revisar",fuera_de_alcance
12896,cash_withdrawal_charge,"Hi, I am calling about a recent transaction that has happened on my account.  I recently went to the ATM, and tried to make a withdrawal on my account.  I just happened to check my transaction slip and noticed a fee for my withdrawal.  How can I resolve this, I didn't know fees were charged for this type of action.",fuera_de_alcance,sí,cargo_no_reconocido,"regla 4: no reconoce un cargo (""didn't know""); clase mixta (comisiones)",cargo_no_reconocido
12899,cash_withdrawal_charge,What is the reason for this fee I got after a simple cash withdrawal?,fuera_de_alcance,sí,fuera_de_alcance,"comisión: pregunta por qué existe o cuánto cuesta (aclaración de comisiones); clase mixta, revisar",fuera_de_alcance
12906,cash_withdrawal_charge,I thought cash withdrawals didn't have a fee,cobro_incorrecto,sí,cobro_incorrecto,"comisión: la considera indebida o mal cobrada (aclaración de comisiones); clase mixta, revisar",fuera_de_alcance
12911,cash_withdrawal_charge,Is there a limit on how much I can withdraw from my account without being charged?,fuera_de_alcance,sí,fuera_de_alcance,"comisión: pregunta por qué existe o cuánto cuesta (aclaración de comisiones); clase mixta, revisar",fuera_de_alcance
12912,cash_withdrawal_charge,"I thought cash withdrawals were free? Why have I been charged a fee? Also, how much is this fee?",cobro_incorrecto,sí,cobro_incorrecto,"comisión: la considera indebida o mal cobrada (aclaración de comisiones); clase mixta, revisar",fuera_de_alcance
12918,cash_withdrawal_charge,Was charged an ATM fee despite it being a small withdrawal on the 1st day of the month. I thought I was allowed 200 per month?,cobro_incorrecto,sí,cobro_incorrecto,"comisión: la considera indebida o mal cobrada (aclaración de comisiones); clase mixta, revisar",fuera_de_alcance
12920,cash_withdrawal_charge,"When I got cash, I'm pretty sure there was a glitch that overcharged me.",cobro_incorrecto,sí,cobro_incorrecto,"comisión: la considera indebida o mal cobrada (aclaración de comisiones); clase mixta, revisar",fuera_de_alcance
12932,card_about_to_expire,How much does it cost to get a new card?  Mine is almost expired.  How fast does it come?,fuera_de_alcance,no,,,fuera_de_alcance
12937,card_about_to_expire,"Once my card expires, what should I do?",fuera_de_alcance,no,,,fuera_de_alcance
12970,apple_pay_or_google_pay,Is it possible to top up with Apple Pay?,fuera_de_alcance,no,,,fuera_de_alcance
12975,apple_pay_or_google_pay,"I received my American Express card, but I am having problems making it work with Apple pay.  Can you help me with this problem?",fuera_de_alcance,no,,,fuera_de_alcance
13016,verify_my_identity,I need some help with identity verification.,fuera_de_alcance,no,,,fuera_de_alcance
13051,country_support,Now that I live in the US how can I get a card?,fuera_de_alcance,no,,,fuera_de_alcance